V1,V2,V3
-0.9632870534688867,0.21951225967382432,-3.556201522671891
-0.6267361668679019,0.7486126439050709,-2.4951903721080266
-0.5343930117843991,0.8759135530588065,-2.107623659269376
-0.4587698502529834,0.8793705888022099,-1.942051241278703
-0.2797041501779018,0.6105709906224065,-1.9307954476180569
-0.1799728311540144,0.6580872377799537,-1.6200808405695584
-0.15336078366356193,0.41165173567588165,-1.4103157891024245
-0.22466549963026192,0.0932286940900131,-1.4179674584192625
-0.26270935927216504,-0.2996198063122887,-1.4351685601974296
-0.20906828673983047,-0.7136125567035823,-1.4762706584267282
-0.14683607744304591,-0.9492612651897847,-1.468714690082477
-0.04315047222496163,-0.75657602074998,-1.5519132765892474
0.10224934777628154,-0.22003535322266315,-1.8504060795839443
0.1841788202364929,0.15433700856877458,-2.0424816053072528
0.19949467361030027,0.24974614249601568,-2.0477100745658112
0.15806825396365234,0.23819146589388498,-1.9933904964249258
0.0745315080336921,0.34374930441851154,-1.9140299597678923
-0.020487870655603025,0.6190993648384703,-1.8205284563668738
-0.06385149775670214,0.8822549089574566,-1.7768386662924396
-0.10466372244979938,0.8620023525854078,-1.8114028818599472
-0.19555455155499926,0.637635901852659,-1.8996858351051327
-0.3008180089749511,0.38497303738752686,-1.789444008984938
-0.5071966244702922,0.5072838927295433,-0.560262599873681
-0.2932633504863714,-0.00941571648161729,1.0790174986642322
0.2624079378048808,-1.1228595947966622,2.2962755493171003
0.8726388929793886,-1.783666126780104,2.7673111442117766
1.424339204947061,-1.5726947588126519,2.6240677285774234
1.900496402925055,-0.934970322636264,2.3792723555582542
2.1349139296121558,-0.2892793027126008,2.168903616478057
1.0643693868193462,-1.3218416082382212,0.6151119476796705
-0.3360660075604696,-0.8989700820335899,-0.998451223860101
-0.4663014055892728,0.947394415199339,-1.370758591122532
0.35022347159976275,1.3989398368469501,-1.3098729343519246
0.9193559977720502,0.5062559564475335,-1.5192017289862496
0.8498805163702542,0.025200081028008813,-1.6246439033536526
0.6925759610631964,0.39335692523790483,-1.2680361796161759
0.45972091611220806,0.5023216724876558,-0.9181588426081881
0.081650862820111,-0.03266239267461555,-0.7167983938295487
-0.01040614218702049,-0.3611813027202337,-0.5075319609614296
-0.004950234702782345,-0.29884820036645815,-0.4228064066571698
-0.04001023771369328,-0.05785737997496961,-0.4337384059043283
-0.13975150844754608,0.17648286818296105,-0.296452582461472
-0.21286147002524589,0.303301410048064,-0.06563483818395188
-0.15589054268417762,0.3250322480891577,0.03952097375426252
-0.025744786874794933,0.37193398498282937,0.09087758733025314
0.25972865908740056,0.602089463672763,0.14680610363142396
0.7409936603333613,1.0945677840772332,0.16109982914955048
0.3161335411197735,0.7761599002634701,0.15730069800147659
-0.15292115489944078,0.26383737475389785,-0.09074479129223012
-0.15677254800518065,0.12806903271931883,-0.28999058552770396
0.04091707450408216,0.24275856467868986,-0.41111146309208635
0.1886821994850345,0.32463229564622853,-0.5241987170020634
0.2176249898743785,0.2920609026493579,-0.6284114736928389
0.19586852720059847,0.19984303376250362,-0.7036256876455396
0.19762494525734473,0.16035907619184178,-0.737102934872775
0.2222881207323012,0.18150297161306508,-0.7599464447611777
0.22823465158529022,0.20829739195688174,-0.792448680927971
0.21728925298522767,0.2170524457794793,-0.8070394514274686
0.20494920493846008,0.20450852510308223,-0.8022588112882323
0.1956633647003307,0.15405104966343564,-0.809536998834414
0.18027474905111776,0.042853201366601805,-0.8209815309774652
0.14466420451944806,-0.10767674423364632,-0.8345373625042242
0.10580260536749014,-0.2621306248470274,-0.8399147560689714
0.07674795540804907,-0.3929702532938474,-0.8499271259125685
0.06406857981201824,-0.47655111726454696,-0.7985187125779032
0.05616440931531662,-0.5064851908779402,-0.7282513755786248
0.057416324938233114,-0.5135890004418953,-0.6544093960130817
0.06587353618167485,-0.5010106202104919,-0.608254433380874
0.08018667342733976,-0.48058020378154187,-0.5800958916939299
0.10161414667017903,-0.4625635960789669,-0.56201456139247
0.12503393688214615,-0.43035689819253975,-0.5567438441037877
0.14917049425900583,-0.3839507805578504,-0.5874199550902144
-0.11303569562521092,-1.026311145987114,-0.6480770592022017
-0.18491923775246005,-1.8807150479949657,-0.7147697077134433
0.17235516741409737,-0.8182834882761413,-0.811066607133786
-0.10498130040587073,-0.14467714848983418,-0.9026985433582445
-0.4249151633729575,1.354034272169268,-1.5502484286717046
0.2463877094499797,0.4772728335894027,-1.4723640014498098
0.4908774151219404,0.3801371319131868,-1.2633482096125825
0.551600019615671,0.37500432025365366,-1.1586216801380735
0.4295660237189032,0.12797017479334885,-1.1303646362504585
0.22822384119008712,-0.21482912387455375,-1.0800498958347595
0.05306837675650816,-0.4867609404810371,-1.01896723466281
-0.05881769507864198,-0.5010048584842529,-1.0201269430897317
-0.11840797394639054,-0.391678097542808,-1.0789123217018812
-0.13243607062739912,-0.21477232655012846,-1.130387505292852
-0.11225036018438954,-0.04519120543999935,-1.096725560699137
-0.07871718313494445,0.07694121367249215,-1.037567940204172
-0.061466070166356745,0.1699601508706953,-1.11844518114268
-0.061805829317936774,0.2243674004496084,-1.6287470136706508
-0.07665667299975476,0.2133348913681304,-2.3092262994728827
-0.11841084828223883,0.2609361239877029,-2.6599534647911804
-0.16603711092699894,0.30705628271705326,-2.5258365420991917
-0.20379570629414437,0.26159564219769926,-1.959282926956939
-0.22293903613012353,0.19076146734603855,-1.2962626396037225
-0.22273213818179644,0.10793688534542238,-0.7962502229690684
-0.22127539223421733,0.013247651411138182,-0.42790411367031456
-0.23276776429190615,-0.0876780694641249,-0.13352843287325872
-0.2687109002131191,-0.1679316528743475,0.02654598375905964
-0.3250283409719177,-0.1872940003819845,-0.03913431929120576
-0.38224769047165,-0.26032352589361973,-0.07603682843090852
-0.41753690594857845,-0.3421785534113672,-0.068835390516083
-0.4228812544025527,-0.37844990539407236,-0.0414105467186014
-0.413750085972714,-0.36035247840075263,-0.011611357887892533
-0.40639200313202506,-0.30672011451952935,0.031883632030249263
-0.4001561767030571,-0.21676883117340068,0.08086473530805131
-0.3917809043685744,-0.08420608162562185,0.1321196551202256
-0.37498563575691246,0.052247917604156834,0.19324169421155774
-0.35777020793904535,0.14054726971659118,0.24870318609276357
-0.33959670432690653,0.1585914229026858,0.3425412501598511
-0.32560306352090984,0.11352027507708855,0.4831132585589417
-0.3157086233414628,0.02270053338310024,0.6805420689167629
-0.31618276221334773,-0.07357332199356291,0.891101107819609
-0.3274060132787478,-0.11766857198387146,1.1698986139185406
-0.3514069706983859,-0.13089739847650553,1.4081550021533937
-0.36218258462997416,-0.08265575691061919,1.5568652210423348
-0.36742063689031246,0.04131516394831293,1.6031449990504967
-0.39305801336442553,0.22382630787430915,1.5649748222683062
-0.4558508627723038,0.4760460734311761,1.4787849833851665
-0.5123099775565317,0.6998008947631689,1.3493950642028631
-0.5275008605924811,0.7646111848319486,1.1828328483412047
-0.49988948426117913,0.7233631639707871,1.0571319169371343
-0.48255684138896926,0.695604319296503,0.9366296056399032
-0.503483452571447,0.6412640165443901,0.8093905704086639
-0.5375749919564079,0.5364938059966357,0.686402605443403
-0.5514350755721695,0.4742195618924401,0.6198088265070075
-0.525615260120816,0.46773518222014926,0.6573498290927443
-0.45207257541606455,0.4412107652320867,0.8257693050961001
-0.34304977594785485,0.4002401936498191,1.0068968967174095
-0.22110356479875648,0.3583925543710616,1.183000095434372
-0.09214493229170942,0.295181054691664,1.327510309067659
0.013658640402457043,0.2550109198469076,1.4199214459172862
0.08023411804642097,0.25535216916365555,1.4244413422358186
0.09668446635628462,0.315221224970349,1.326633386911941
0.07309772061773162,0.3816679782539197,1.1700092853887585
0.03706958785124932,0.41425749852795773,1.026099544844504
0.02418505144972425,0.42064415045904074,0.8997276045098017
0.04285839347903336,0.40393221918183214,0.8204709429007493
0.07053451806680529,0.3776887528293777,0.7541619248717485
0.10274288841514269,0.3537868076994843,0.7207298646680377
0.13561471965269506,0.33303510855125307,0.6643323263498253
0.15368387945026477,0.32500866933254885,0.5720627204011157
0.1350914007136695,0.35432380058495966,0.43292494078121346
0.08561659664434534,0.4138423439919518,0.2895059202912116
0.03286684419060709,0.4647029186634735,0.17062887234416713
-0.012210163041707594,0.48627544219590774,0.10198103551270539
-0.043224974467822544,0.48806108979931795,0.0841233901620469
-0.058198266664537285,0.46606419296889534,0.12004149436884844
-0.06612747461501199,0.43060351586801837,0.18036454055133375
-0.06830171986963376,0.3816834905937939,0.22894389720789063
-0.08136831505421181,0.3525681139579923,0.25323809883069875
-0.111077052675589,0.35750418482694896,0.2502112800420122
-0.14858766878487714,0.35302204934368386,0.26023887295298576
-0.21593637666750878,0.32743608459704215,0.3358737303360583
-0.25217063400067974,0.45475764732329593,0.2509183834853379
-0.2793170006399924,0.4541471702677877,0.21656545399022517
-0.32072320050899034,0.3115692212752115,0.36422808245827554
-0.3098283106784888,0.2901737378617135,0.28659278084880063
-0.29461229980084663,0.22930214168943294,0.3858311534448008
-0.23694930831335584,0.2597054192630512,0.44180892084630713
-0.1697247391997204,0.260832833964626,0.456197451862469
-0.12474769225032888,0.2028999619395794,0.40409309407504374
-0.12150138299582797,0.2028602060285303,0.25451449447995406
-0.14894690653316517,0.2724851053450512,0.053588281976161084
-0.1769088795276262,0.3705353480987961,-0.10746152457121731
-0.18036513280335,0.4581667277760027,-0.20143866272442715
-0.16395531443670613,0.510940461484701,-0.22703983815633758
-0.14386186294339398,0.5226437684633125,-0.2417799921797433
-0.12136705750827496,0.4956543801677621,-0.23739772341151938
-0.09316026883314814,0.4465254258359171,-0.22352464132376446
-0.0657574716654808,0.36345666852543734,-0.23152461579982864
-0.03909615823936399,0.2598676783381358,-0.254621349818791
-0.009194137350073338,0.15783360077885772,-0.2941497548477179
0.03365780486712215,0.060447230770516766,-0.3435497909698894
0.09473468594219502,-0.010225161456498292,-0.4058081183844871
0.15657324680963947,-0.05643257709764136,-0.46934509161516214
0.206105157966667,-0.10728830416295239,-0.49178811773104614
0.24390840496617314,-0.177796924861745,-0.49637634564612776
0.28624372033995227,-0.2475516513827707,-0.5420688071529001
0.33073048513499,-0.2731217824624979,-0.6314814819079735
0.3772001801136887,-0.28923210087841206,-0.7141897157346667
0.4326132174249681,-0.3275033701991618,-0.7841406517257288
0.49065390387396163,-0.3571110863420865,-0.8687685074603253
0.531983599407676,-0.3668730239854359,-0.9612096771487586
0.5608727355278514,-0.41049321402065264,-1.0491540950916844
0.601864054845158,-0.49129076532917265,-1.1015789409250227
0.6455119112793337,-0.557109091563952,-1.1603680851224658
0.7009942580474839,-0.580381280015922,-1.2169449020380767
0.7527770634150885,-0.564945349495798,-1.2367571157650352
0.7824120806491105,-0.4467315247194256,-1.1611993610369402
0.786338459573082,-0.2951772937771596,-0.969932976934063
0.8076936541158867,-0.2866202882137851,-0.8203794506264169
0.8745075366773074,-0.5112552797102424,-0.8669209368124934
0.9706322692373285,-0.8276669469870449,-1.0218588367942116
1.0342830084692183,-1.173835891523645,-1.012694228781192
1.039699775724503,-1.5282671514869806,-0.7682713731754697
1.0250452907595682,-1.7515218993023989,-0.46586284365390895
0.9744990644445952,-1.6382811090848552,-0.2896263799549663
0.8397150570522037,-1.1590016625067576,-0.1484215982405507
0.5356790552742486,-0.38731680318716344,-0.09377792719466008
0.18203040784933813,0.41785715915626237,-0.026813995816069126
0.16981255523129196,0.43374121901486795,0.0934771729143039
0.39059762220095867,-0.1724002593811937,0.08294159336285321
0.5764956005099103,-0.9124987925266606,0.06895689840855704
0.5547816382360007,-1.4080848107805664,-0.03371620459524882
0.4261367421984353,-1.418302212883109,-0.3124603840365909
0.42041663308444116,-1.1285985400565386,-0.5726505029763527
0.5102811344771597,-0.8513588107140703,-0.6610594655635622
0.5419032397391518,-0.5871345993406613,-0.6556221900082906
0.47804243898174337,-0.2835784291668728,-0.5701066205015858
0.3999748627035478,0.02482150237337778,-0.3858197028188457
0.3964514331258595,0.24194598399510572,-0.1705074390745724
0.4496970404316669,0.15950970910227014,-0.03403206028242401
0.534772211352896,-0.1654848748856183,0.024623296572883792
0.6115893611491532,-0.600163014712302,-0.06459734481265283
0.6942029436188484,-0.9038568236617464,-0.24391109532757216
0.7401591267478153,-0.8947208532532938,-0.4675749909964827
0.7023690221518418,-0.8274040349866617,-0.7490025517751039
0.6935592370094965,-0.641064755826499,-0.8315941902230074
0.6725006594641717,-0.44436072949547334,-0.7430296905944584
0.594477192490818,-0.26542557879923084,-0.6330123300951861
0.482925989820789,-0.20704172981331165,-0.562406871089595
0.4224898788775248,-0.27292262617899804,-0.410179779223408
0.41059772105074427,-0.4614804801879759,-0.245317679200092
0.39834932635461173,-0.5884659126696402,-0.08281024673075507
0.36406507992472575,-0.5913754957783962,0.057056764886294846
0.3235541000905995,-0.545310184250744,0.13360630360200895
0.2990465726134671,-0.5333013284975808,0.16023670648628097
0.2937727990472403,-0.5553690945607432,0.15007536641472252
0.30011636787656026,-0.581464395906913,0.12005871503330147
0.3266457104204338,-0.5761222119800486,0.08217339100204861
0.36619993412391677,-0.54955236599664,0.06589273373889364
0.3790636897777649,-0.5646464045459356,-0.013303207807297593
0.39914278766941935,-0.5584827314203021,-0.1464583162080377
0.4315167396479623,-0.5484501920880892,-0.23854451634010151
0.47106655242096107,-0.5234627820557382,-0.286075375620774
0.5053349267321374,-0.5221214965082686,-0.3405043968244797
0.5382731524161485,-0.5286644685043129,-0.3917572271960336
0.5791203572341922,-0.5028976298747375,-0.44914536701623947
0.6201463855126862,-0.4400369750023243,-0.5487050542500463
0.6528331158487614,-0.3644946055544597,-0.6841778631784066
0.686787735612872,-0.29448790323266244,-0.8328901944688532
0.7186849817026091,-0.24972760053765972,-0.986901530859457
0.7489618977875877,-0.2736257783850122,-1.0975655617502678
0.7692127688819511,-0.3724505301081927,-1.1583753557537382
0.763469086598484,-0.49397289321440113,-1.151957696290715
0.7209028120121385,-0.6097123668179177,-1.0679786233491633
0.6480280940344014,-0.7094538756671808,-0.930976711260922
0.5707689111553578,-0.7791683698267183,-0.7803459520286409
0.4745818470858711,-0.7516697778945529,-0.6807201833651062
0.3233226347056821,-0.6172489263433932,-0.6892490503682934
0.14688276697112737,-0.6160706090065454,-0.780164515107964
0.028124669661780136,-0.8552418596313914,-0.8241227638607772
-8.380634097473253e-4,-1.102902570659703,-0.7898826182373887
0.019912395275309098,-1.087247251332786,-0.7240361242947089
0.011963801375744173,-0.8503664641718292,-0.572493955656032
-0.03838494089274459,-0.5587355825602524,-0.43465123888565216
-0.11600131423369384,-0.293764961713066,-0.3447021748741973
-0.24109287133092294,-0.09162883113002798,-0.29977994776663486
-0.4255218470903762,-3.9650413132538606e-4,-0.28410168082648835
-0.6234263781773549,-0.02431269845341755,-0.2043390014729279
-0.7866786032251908,0.03758832429352501,-0.039678400444376344
-0.9513747210584161,0.20607137118492722,0.1939843870280861
-1.1364014682864,0.31312634995178845,0.47122052992239416
-1.3363336173445683,0.4100098209816491,0.6629345594575055
-1.5791627161547264,0.5908385408458555,0.7181314271282837
-1.8203223139317783,0.7140299652410765,0.7527252163168788
-1.971116842016489,0.674800498686294,0.8500407984027163
-2.0035731916226838,0.5116388270258395,0.9923959032819268
-2.003272959108414,0.30325824142224256,1.1009978629284793
-1.9345703305757207,0.0707329868906913,1.1890917103170853
-1.7606221775863558,-0.18539460300632507,1.26466709900558
-1.517949847584226,-0.2612311750601476,1.2570749443050913
-1.2912631635188987,-0.1648895223614875,1.1601481359399444
-1.1612325483611,0.004783681106159474,1.5530498565479023
-1.1210143349990715,0.32269866032041805,2.159118789014098
-1.1222986388733351,0.8728896218446913,2.1263506657881512
-1.2357257885851995,1.2090841318421508,1.7146910034919318
-1.3643949447404282,1.055989747155227,1.4157103275928389
-1.3970186204636792,0.8533407938512808,1.394774499951652
-1.3873893422856358,0.7056858333017475,1.5683375817791412
-1.3880907525429618,0.42153172222567414,1.6675894094543005
-1.3596474819533708,0.2855724676082142,1.691653887413306
-1.3447103358857673,0.29888076991215756,1.6063001921524591
-1.3438483966829509,0.48121367705299867,1.5712488384289047
-1.310325903485621,0.739121219308643,1.6686141997154547
-1.2294987117068636,0.8838215666428137,1.6867301550329077
-1.0639451379116416,0.9016464861455141,1.6530952124410558
-0.8689077477945695,0.8647956374660778,1.5280583098582927
-0.6829251302375556,0.8264256431822713,1.389906975820029
-0.5057877660426011,0.8307374531737173,1.2245164080459798
-0.3752106655219431,0.9671852356947881,1.0449778015750764
-0.2857611893015875,1.1536356718503924,0.8302947120272574
-0.2131543449628472,1.3323071570897445,0.6238166491473657
-0.12801194350690182,1.4295998436454875,0.5014926211598681
-0.02924161528769834,1.4028799711750097,0.4593846524394274
0.09788997004210312,1.2220420768697917,0.40655394998626126
0.2659448894153649,0.9469936649789308,0.350401036946825
0.46102604536318437,0.6465044838426506,0.30191242171149246
0.6555751237825534,0.37049031799218973,0.26365777182993777
0.8288527430279826,0.10645785021986943,0.20763858299020044
0.9860952560669186,-0.13221219670363982,0.10772844375433237
1.1234605978269407,-0.3368047686321305,0.015031214265926254
1.25466864218268,-0.47662974266722385,-0.09144059510956375
1.353556352673878,-0.48126416500708297,-0.26798193345198207
1.3113195962878033,-0.2599905645984618,-0.5421255664629372
0.9307648333142983,0.1782753412159159,-0.7714339596827036
0.2399670578026897,0.627369170509316,-0.5499675356024238
-0.46552605801358476,0.5714140331762938,0.04196452863792628
-0.894778072015484,0.15204386368613568,0.426175220985765
-0.9155284629096008,0.4214083326422173,0.857681630181392
-0.6784225825578761,1.221798754738621,0.8189862001724988
-0.3298002084973098,1.8137960040756442,0.45432191485556533
0.015023268631463338,1.7308824588058493,-0.1670375297193999
0.37563885534294905,1.1560766936530045,-0.8928920408179614
0.6760723561910108,0.16336576654821058,-1.1875147405661524
0.8421056367539749,-0.8149883127190828,-1.2164787960535492
0.8601944288077161,-1.5042296728275575,-1.2615167575066786
0.7466995243112016,-1.99601959990938,-1.1959230169963968
0.4976004324384064,-1.76775064335301,-0.8392114641327114
-0.13677608274976935,-0.72223684150104,-0.27052878936147784
-0.514373280678442,-0.32493915825746317,0.32291465223480986
0.016545440744910628,-0.8139516452057725,0.5242212806968122
0.8522402195586366,-1.5086980244888206,0.5249406452532283
1.4993574182091167,-2.0364280929365464,0.3502205184615859
1.8317185716431221,-2.0110600100836815,0.18582172319471293
1.7766632174079113,-1.4889340625018386,0.06750401390954458
1.3392188039107844,-1.0518575764275617,-0.11216221777573064
1.0451803206959696,-1.0475462096458266,-0.4340279426759977
1.1263308842964541,-1.3946864925843814,-0.9591219815557942
1.0276428226424188,-1.4950967162451378,-1.267355159739275
0.7341886792512584,-1.0921610287532948,-1.5897769714659473
0.5243567028936255,-0.4947841442688532,-1.645181772919774
0.4792038514403037,0.2167689023670636,-1.3744794486104457
0.5560243636671758,0.753060785203526,-1.0184380321637267
0.7005543942747716,0.847662834247595,-0.49199458201739427
0.9183605013789988,0.44288849127094315,-0.006422335431375147
1.0440241507367547,-0.18311838873463462,0.1246764936085843
1.0918867235589313,-0.7265297707588103,0.0668640480966998
1.0590656406189276,-1.111538068662841,-0.10309593401651612
0.9605266105669898,-1.3145493015843077,-0.26660913652311896
0.851129243559301,-1.3517150950841623,-0.38153150480030695
0.8037399418849797,-1.3963953319449285,-0.4312151193442471
0.7564193350296753,-1.4260757566408924,-0.4609506835600237
0.6926352555385575,-1.3869758846055171,-0.4895085609751896
0.6378152714463974,-1.3621399193313093,-0.5216607125140964
0.6105926716355606,-1.3793287442572237,-0.5743420314433545
0.5773238430962411,-1.3080691324042693,-0.6355103826416222
0.49001898297041036,-1.0454227919218975,-0.7246764574817287
0.47009983554156043,-0.7469152900440672,-0.7759215270738359
0.5652034738496544,-0.4515349429219719,-0.6915225454502627
0.6903096828286761,-0.23449502571304423,-0.534537315113058
0.8086602263746157,-0.2171206067207776,-0.3953174503259299
0.8444722817345947,-0.2978728287561366,-0.36060421860868874
0.8286557696732453,-0.4998439149680642,-0.3668433112617774
0.8121591065932972,-0.7105021109539403,-0.44552303468988286
0.8119830309256078,-0.7515686817595439,-0.6203523404941572
0.7946332505038121,-0.5983476720582754,-0.8907489635681163
0.764697639203841,-0.3724188849348492,-1.1484641515735807
0.7337517802023138,-0.22145970735015932,-1.2971916370487462
0.7123404728389233,-0.238680786862769,-1.2923875768058537
0.6699671222285098,-0.44992990327566906,-1.170408605012222
0.5922515888201896,-0.7532897537081061,-0.9937215568876455
0.48264213559757957,-0.9664460125863602,-0.8072551919117356
0.3554362875529045,-0.9371568534229957,-0.6843997112583328
0.20519965178652677,-0.7230182645419625,-0.7015917664474405
0.08492046504153362,-0.5990732949966218,-0.7548467401509564
0.021896098840608533,-0.6689026691131708,-0.762081807153348
0.01171885915199073,-0.7690707229880046,-0.6583479226996811
0.01665815222115143,-0.8148678039987455,-0.4980083824576661
-0.01488974907811492,-0.7854303025452124,-0.3445219089587033
-0.11891514056415524,-0.6378945210868846,-0.23481642617311763
-0.2610909816464739,-0.3567008292733837,-0.13928849686820324
-0.4485847586787611,-0.09178250024690725,-0.07823662767935106
-0.6598054188803945,0.07620628333022139,0.0012211598100692527
-0.8615454709544036,0.20072830083864135,0.18185956975648415
-1.0681582273170873,0.2510817106382173,0.3515471066075001
-1.3159374747855694,0.342752880346932,0.4662371910821033
-1.5497071008638414,0.5258889942859761,0.5246993263420272
-1.78031792223273,0.6916267780688613,0.4908433163403697
-1.9746982283283265,0.8665827476615331,0.3352130538040979
-2.197822760631142,0.9722627347824266,0.16397903240254608
-2.3212491281990366,0.9778297146745546,0.15497329075932664
-2.22655802035672,0.9124818998686467,0.30623930882283557
-2.0421362937084315,0.6870844990278557,0.5120492558437232
-1.8467468245663161,0.31952434805146523,0.6893472931430916
-1.6125180278556714,0.10247562204953757,0.9064766354786721
-1.3554555071659808,0.34152182105451173,1.0974832860398265
-1.2195719488073113,0.7889867438586884,1.2841777903784095
-1.2873054742195222,0.9583884093569573,1.463013426365456
-1.4165050989982297,0.8416753369819624,1.7233726063083747
-1.4646529360951641,0.6454972897751011,2.1315828087884583
-1.4289712562706445,0.5418819507704989,2.3960404150276435
-1.3821200881153972,0.7476001756419643,2.481029858793981
-1.3864336888876136,0.9283863916949149,2.4213352290987142
-1.459394528475296,0.9383137573627811,2.1146081013456337
-1.5331086971414132,1.0595277129918037,1.6517915851810787
-1.5073455368381639,1.1729965789264698,1.436403780122072
-1.3739841629924345,1.2194670284506668,1.498725318855654
-1.2009656316802013,1.3122286048501133,1.4431669549966792
-1.010388560006697,1.4269696599383521,1.3516740698974572
-0.8009068187605446,1.440556342261582,1.3571447305808817
-0.5932125167051991,1.349170400162183,1.3676146190376657
-0.3891482658176896,1.1725540783513146,1.347236924611843
-0.181386751305212,0.9572323411475865,1.313103547108063
-6.67686700398624e-4,0.7634017541734099,1.24659385093597
0.1384289023404147,0.6519423124250825,1.1536491949407033
0.2364856947628569,0.6094314984562154,1.0389936436385498
0.3205358847516091,0.6128015764543812,0.9530579358409639
0.4117789826964836,0.6342813361943674,0.8903596548909213
0.5262454127097302,0.6461321876856686,0.8273709646555435
0.6704277390675992,0.6538320699895344,0.7329074919772954
0.8455220108795017,0.6368494705420057,0.6050083312753585
1.0303935078165083,0.49902281828999834,0.4308483123352708
1.2335056485124505,0.2545107576883908,0.26975418553781194
1.4480944518456274,-0.024024301894669756,0.08342202694020566
1.6662814897988847,-0.22522881813110462,-0.12641681435658156
1.7875321839830256,-0.14712772700183258,-0.2771957007217935
1.5460421279713374,0.17574824808748776,-0.46474168655447584
0.7328368375233508,0.16390838819701176,-0.08676769892758829
-0.4666048559134859,0.21229638453452057,0.3011030045604301
-1.133985724587768,0.13864465907052925,0.27786383268555565
-1.2080510322445623,0.6167654668229331,0.7523005317705823
-0.8746172995995356,1.4228281311177542,0.7689677470289349
-0.40544296612972913,1.9492940768286433,0.479804548973603
0.02174087736078083,1.7924446421888462,0.10826788680854367
0.49462388593042467,1.1782185643797942,-0.4923346556990119
0.8791975850577338,0.20782083071545931,-0.880824901291834
1.1093027402483264,-0.8925403501186271,-1.0205027668707538
1.1103816104585633,-1.9005743887116882,-1.1031198919020477
0.9598599815811877,-2.8452195107781613,-1.1246666627962547
0.7280563289128297,-2.9241264402632936,-0.7431204779374544
0.023372979827162854,-1.434508885090128,-0.10976781999627556
-1.0583983566725768,0.1421454839333494,0.8033619601969627
-0.7514924661319546,-0.6958048337376569,1.252251137700293
0.5220405666825669,-1.614547051793372,1.0578501334492534
1.5572554363655635,-2.362001614068906,0.6012797589297699
2.1268769250285766,-2.7495562404028098,-0.10826048949648424
2.0523060235038213,-1.9857814555923765,-0.4627704944967574
1.5205041420537904,-0.8573599588387925,-0.5064985374071629
0.9147923478586142,-0.32201869435030966,-0.3615048823204659
0.9675514873802814,-0.930228421941562,-0.7325900645853398
1.2788349010299729,-1.9617453065620853,-1.4781833920688503
1.1106848076966016,-1.9819209217283578,-1.4462113686801215
0.7467155772057505,-0.8908887734527017,-1.0527404936315492
0.47410246571464015,0.10479253405291236,-0.7253013150316269
0.546146663330468,0.7184375971719741,-0.6753944058719463
0.8109844974984526,0.9589955180186649,-0.6060319114656857
1.0239424858281791,0.622929361553422,-0.11281752433049233
1.1265353779261158,-0.0920845573599568,0.31455284863770266
1.1894338727346077,-0.877160529947877,0.10508167354968034
1.1470399136784895,-1.6512793861961688,-0.22189756406358857
1.0598085570090063,-1.9246254295882592,-0.4309181432455339
0.9929254011458827,-1.8555146756966274,-0.5543616521877913
0.9139682992717602,-1.7413222255882836,-0.6211700694859288
0.8147131799643283,-1.6806590487824564,-0.5982682389472452
0.7250198732916322,-1.6476838917391443,-0.5429745222595833
0.6587545369376415,-1.5817181539545888,-0.5267726323156364
0.6014054626954716,-1.4076756395756551,-0.559942111827768
0.5638137776609521,-1.1564125200188324,-0.6249383182424171
0.5946417346599463,-0.7864089095864221,-0.6244721204143457
0.6611091784025172,-0.39532137000664486,-0.5302310927990584
0.7593680059032031,-0.2530966369930054,-0.42844351080275395
0.8150838427456736,-0.36319542492950596,-0.44360265507274377
0.8240928428631671,-0.6466399794192457,-0.4643755063455475
0.8214277731266727,-0.9394837044041328,-0.5312351723410972
0.8124949881031199,-1.0554792202575167,-0.692350239466531
0.763512834351647,-0.8941522151944752,-0.970644305180401
0.6997719241310066,-0.5732773818100249,-1.2727318644774441
0.6886279613488184,-0.33483162116061177,-1.4153309058088526
0.6815229646834533,-0.3332016066471113,-1.3873225742377104
0.6263203504493714,-0.5238417263583804,-1.273169590806953
0.5399280106062542,-0.7490009019796742,-1.1363343747506165
0.4229551235781055,-0.8800211827045726,-1.0110339730408366
0.27574510922725576,-0.845079060965206,-0.9504208160645333
0.1299878727943077,-0.7769984150831664,-0.9304032401737516
0.056892761951824244,-0.7875477369380471,-0.8545054347249251
0.04510348591501079,-0.8166530083924448,-0.6740873804008506
0.012245469341144469,-0.7895671333428768,-0.456532067709361
-0.10792596709455367,-0.776111463810128,-0.32409875197872473
-0.3069789218960232,-0.7708217115920385,-0.3129143437124575
-0.5422780561972799,-0.6366079719386856,-0.1894420762605637
-0.7508762374502099,-0.32021804409819254,0.045085751109144034
-0.9998859175927798,-0.07618095541568556,0.2475467381116448
-1.3065323586485267,0.0056284055740115704,0.3887515485271678
-1.6430368943242593,0.19735698185328565,0.5005769410286879
-1.9507636517969593,0.45992848637600653,0.5639879737999967
-2.173216131838786,0.43933776099469896,0.6653195526015862
-2.21595211878327,0.29125683159221893,0.9263084118804491
-2.241425893122621,0.5180254789569226,1.3407659040499016
-2.2673633213351643,1.0549991734518287,1.6070674531169409
-2.2000389278029475,1.3545201186541294,1.7459378302592166
-1.9298403668899287,1.3598057490219098,1.7656950297034701
-1.543857050076402,1.5174271663357908,1.6161070620669178
-1.3601348536167082,2.089204568177415,1.0976792801621875
-1.6392572330716397,2.64830971797091,0.542507789475008
-2.0216144757858,2.4369860869254,0.6830445299532989
-2.1932685110613597,1.4080849373754432,1.1912046628845807
-2.0454601106041252,0.8222108961174674,1.5265641990885799
-1.7824863645829037,0.938836567537514,1.4724479625535543
-1.6678164894398646,0.9925144047350544,1.3443501901882602
-1.6173563124245014,1.1429637138685638,1.5188741391704539
-1.6415237282371666,1.0878626416480461,1.4475225432154437
-1.6297092317110433,0.985144802307597,1.2716871602720543
-1.482523134003761,0.8057371457387849,1.1086388783942425
-1.2904466352069686,0.6907687240689606,1.0613279729204066
-1.1266367528493904,0.7496497546280919,1.006958982952984
-0.972931372196778,0.8583256621093842,0.9254657473665497
-0.8129545161196453,0.9267044994847784,0.8679771077485962
-0.65018857808011,0.9011306786842098,0.8123387481630151
-0.47502459910448974,0.7641787007962547,0.8042452195571993
-0.3033086661814793,0.581467802253649,0.8036993933766975
-0.13157525223478758,0.40270497149292384,0.8147176796332084
0.043596265093340546,0.2673314849896011,0.8050043982898307
0.2197499737127319,0.20219853825143705,0.7437543981811702
0.4053109677792401,0.21198491891033117,0.6260550599956226
0.6163577577784265,0.280007792406582,0.46963250912919763
0.8404080793105754,0.3637271150909021,0.28706995398034996
1.044955652482618,0.286548925082327,0.11370314180585277
1.2307053584479974,0.0603055366260083,-0.07823288218483254
1.4115305859242648,-0.2511574172248401,-0.2829299064540064
1.5603642023225683,-0.4945260632543168,-0.5422771542318953
1.5065058733863024,-0.27239542822812907,-0.9050838120329565
0.7737101825277884,0.7112794057765169,-1.5266081760412773
-0.26456444478211966,1.3593020855066782,-1.0090678782997964
-1.120635718080787,1.0367864454522726,-0.2608031665419089
-1.2035633081837231,0.18411352113001658,0.321778409833316
-0.6720631777650143,-0.16032901632112911,1.5277950862619063
-0.20750039980611634,0.08919343587779671,2.005274607873118
-0.013295581856731022,0.6829570642760581,1.1091103113043075
0.13245010300007184,0.7284232892377663,0.0751306443802681
0.3869167007118832,-0.1551141887046323,-0.7911342161298317
0.666302868271838,-0.8185487049670198,-1.3353925814180931
0.7630022510705154,-1.1547242455888616,-1.7059299399053882
0.5481048272241152,-1.2211666997382389,-1.7532523258221928
-0.18588383955453835,-0.6067839916174284,-1.3580962135893657
-1.1481966579528637,0.5325433448823176,-0.47861476864223085
-0.6451933800825788,0.030372936684903016,0.3324027791306863
0.5775632987732652,-0.675603556729135,0.8465907875253192
1.3776221001543993,-1.5224363731750485,1.0178019398844775
1.6973733433684062,-2.2523986891567294,0.8979507074688848
1.7847395588141683,-2.6461187171341365,0.6613686270365806
1.6794447187084767,-2.234223899908408,0.05029578277629409
1.2150464829187069,-1.3549829689230422,-0.6352921164599019
1.412107188541988,-1.6690164615342094,-1.6026303835701121
1.5582829662373778,-2.3473508738722457,-2.2333864932219334
1.3869549059556352,-2.770092628273586,-2.3027983535329595
1.070836244771217,-2.3693337209548395,-2.304630448543669
0.7473647794006236,-1.1965278741433474,-2.3046153862024945
0.5213379271495325,-0.04721694805387387,-1.858534233205753
0.4428967233662235,0.8785266288711087,-1.1817329139565054
0.49894779092549385,0.9950763341467431,-0.33228097848691646
0.7582011340142893,0.46845105454486025,0.07230410191916975
0.9668880400492545,0.04477055981578712,0.36700272183671256
1.1170592530393106,-0.32013361264830564,0.40328317178449086
1.1767830348645427,-0.5431568498713432,0.23354847327375963
1.1146987544372347,-0.9674452732000881,-0.012422646351158625
1.0029961339240265,-1.3582378123964278,-0.19019466521893105
0.9170626031616033,-1.3553119191703187,-0.36875416211125267
0.8336443874302183,-1.2308459566100582,-0.5882241830810547
0.8033269775571875,-1.2196004852625923,-0.6716829623472669
0.845574580493633,-1.4440630681815905,-0.6605461519975476
0.9414991580441413,-1.8007179999054141,-0.707620284815598
1.0452865445792694,-1.9987712230772448,-0.8164438629332175
1.1053788198757724,-1.7284262412781979,-0.8291703931816926
1.0728757577926464,-1.0817201603146207,-0.8422071249991809
1.0192716719970771,-0.38672243680463875,-0.8691739507842065
1.0595765854517383,0.07478702611439823,-0.8394453437168689
1.139428961593484,0.2873814058819213,-0.8022194563297356
1.1852902735618729,0.28154951954571245,-0.7795851660339939
1.164680164719221,0.16012829689548405,-0.764855665861663
1.086152296998448,-0.044574988818737636,-0.7493788806956163
1.0035835830921205,-0.28477757736012316,-0.7771438727975949
0.9231385514381024,-0.48711280467035606,-0.8700897686807022
0.8383729049092944,-0.6460031313859512,-0.9557784173456025
0.771232830423049,-0.7663241080898703,-0.9637505287865817
0.6889145272096208,-0.8147055006026898,-0.9278103132466226
0.5532891167497812,-0.7908957430926205,-0.893733511365792
0.38179358573030975,-0.6989649632958674,-0.9093518733545282
0.202622023323607,-0.5912020234976311,-0.9822052949369262
0.020325099172907722,-0.5978743684082266,-1.0436197868324417
-0.14922577134320397,-0.7790750741826175,-1.0485847569639828
-0.24862652366695073,-0.8849568546847896,-0.9460232553462752
-0.27009947559161646,-0.7734854462742733,-0.7256208846421023
-0.32027230941006724,-0.5781373535716555,-0.41502360772074376
-0.43584642530236983,-0.27025505773276587,-0.07273501285157234
-0.6402140903589247,0.12030273544030579,0.13001692014697241
-0.9413920622692848,0.400985450778349,0.1936606385363699
-1.2332177768980774,0.6089848317097791,0.266008943589033
-1.4909931328781512,0.7741344318856043,0.38351495111498823
-1.7739653146114345,0.94102948054408,0.47490887479582056
-2.0654838549337198,1.0756082477151594,0.4820500317747285
-2.2647889287597716,1.0264283685875555,0.44968239232129986
-2.3610344195805903,0.9031526900263325,0.4960827149806336
-2.4374918977665443,1.001554907771824,0.5457081236787228
-2.4218746006803427,1.162487810760118,0.6121377782024383
-2.2570615570341173,1.0264109061249547,0.7372448951743978
-1.93920325379086,0.723538231806511,0.8785982625219352
-1.5925243646257723,0.49860123721318733,0.8779650931313279
-1.3918114085615625,0.7024465908101785,0.5741010500893149
-1.4587385291088568,1.4480386085974972,0.4247198681915142
-1.6952565264304722,2.0196241892763322,1.0182711685494925
-1.8508089299905968,1.8020791348798857,1.5205085868750159
-1.7831067872641257,1.2214606743713046,1.685524984051831
-1.6109611863257511,0.8564095778881177,1.731526843496608
-1.4301183874378824,0.691007525461082,1.7673423355041562
-1.3406392639798463,0.6154248017690586,1.8494596479703669
-1.3251599350143637,0.6082150207632768,1.8393930445141848
-1.3208068527987964,0.7068434084241352,1.732385580630664
-1.3214822313352321,0.8291489895705944,1.3135033420540034
-1.2092536977497008,0.7731043238760119,1.039136092974905
-1.0657083531399536,0.7823850465759773,0.9249787010540473
-0.9359395737081116,0.8856920889058211,0.8057536579197372
-0.7733310552696276,0.9643174029407797,0.768125266202123
-0.6008606363028091,0.9418421498696057,0.7683517523810086
-0.432172373295196,0.8025672212459682,0.7717680566778496
-0.2663503112231233,0.6041118739036252,0.797317093678018
-0.09914283734974488,0.4245876531809009,0.786986715564189
0.07142616325945053,0.2718748277339128,0.7408835526906559
0.24157158799907386,0.16573306041544839,0.6593296085218033
0.4147635556517399,0.15745137672435622,0.5743044835387194
0.5963165143475668,0.27857445220220156,0.5355561516486268
0.7884293852432703,0.4461996666985579,0.5040183186129725
0.9523735478944415,0.5342902559570133,0.4829594206231617
1.1098754381079166,0.4898122556872362,0.46979915923933074
1.2860759134369908,0.2975928024928844,0.4197770323540168
1.4584900749625513,0.12275315328878406,0.2714315700990766
1.5169623818059752,0.31808817130493633,-0.003733018705081284
1.1752703026394649,0.9092189013365841,-0.31479311820427835
0.4386607115843274,0.8273875855383587,-0.03039044081188003
-0.629805089829877,0.268613801485063,-0.04366068483935078
-1.2257977240996019,-0.29414350712696874,-0.13883033535021005
-1.0422364181370782,-0.5518238157639406,0.694311069308564
-0.5769600456292711,0.12395088321096027,1.1798685061231535
-0.16259320464111407,1.0944314527702241,1.0834694307603898
0.28860721982096427,1.644684906863705,0.6731595011831102
0.62182705849267494,1.4268448520838215,-0.1473846444500712
0.9121707366339397,0.3425913747283556,-0.811469157386039
0.9820651118110645,-0.8830222442976154,-1.2363621885269134
0.7834151696274217,-1.8960465583072506,-1.4985910274899352
0.4256068159024754,-2.383808418254413,-1.32129625063637
-0.2752142206518202,-1.4507413521023096,-0.883732851574023
-1.1065225482897016,-0.0889555715941044,-0.40929532589710266
-0.47522146399372367,-0.3931122798456388,0.058778716527163724
0.7622778461264031,-0.8544923920106099,0.5125529258376442
1.5615577567253947,-1.5908011164816422,0.7511782036659663
1.966206106658706,-2.4081535730949994,0.7313729700483329
2.1310444589224637,-2.5490114695213473,0.47838345382117053
1.9223909602626417,-1.2933354233497665,0.24227041836679372
1.2241730596422218,-0.5087718427383175,-0.03405755260603589
1.395399885453835,-1.5038604791385504,-1.0888454764889945
1.5966451902102545,-2.570957973407664,-1.9296114006520417
1.4364786641223006,-2.8264694353253614,-2.3301954663204496
0.9932118946963489,-1.9749162581766848,-2.3293541794597057
0.49593291993953453,-0.5056667598261749,-1.9079717759351045
0.33429375770770786,0.865017951456961,-1.4901750362020159
0.4865612834879704,1.5050195991268884,-0.9489673001411576
0.7595288964003735,1.2885539376598631,-0.2735370672347699
1.033072533447813,0.6426555620730522,0.2737842343157575
1.175192135166458,0.07968657650319375,0.40244555866549764
1.2137070785685584,-0.5307784458614043,0.17111196938428827
1.1652466438899314,-1.221187264668815,-0.18414769203870146
1.0975281590275683,-1.6075535571264081,-0.47552852708073856
1.037864467091392,-1.6545401686796777,-0.699380357601046
1.0010152645849362,-1.6598390066968367,-0.8800142442529312
0.9825104711692982,-1.7481334724222104,-0.9699809192639001
0.9529405332375025,-1.713199683025405,-0.947903108999735
0.923770037600703,-1.4564591119380146,-0.9405555336562507
0.8834554345610438,-0.958096739414387,-0.9212710529316755
0.854180378178668,-0.44796395796194904,-0.8640774147762446
0.8376730854793563,0.028139126502283115,-0.8156950165992579
0.8649596076270463,0.3342389547674368,-0.7257800495034198
0.9004145945488115,0.3166480056710112,-0.6095793224212287
0.8881270438058396,0.04283432063292631,-0.5051683214412707
0.8366127267150856,-0.32623162425529995,-0.4315339771672586
0.7722158894383422,-0.6873255228365668,-0.4283688420016858
0.7142941534917505,-0.911127856249546,-0.5415016273484766
0.6609412014924376,-0.8523767747775893,-0.7210648938108767
0.6168962166940116,-0.6018763304909271,-0.9257290467017206
0.6071370329976912,-0.3437048125315945,-1.0598214471675294
0.609094582253484,-0.20242150126443745,-1.0560559537173535
0.5636215044780419,-0.24946854446175976,-0.9874559903330712
0.45580390137672355,-0.4965949661838307,-0.9297062395202385
0.29751529278725514,-0.7568078637496434,-0.9342915284419201
0.12681681148300575,-0.9080096986509377,-0.978239949935552
-0.0071986839201298,-0.9560540744997462,-1.0372941546002554
-0.09173489653251717,-0.9278605297412147,-1.0708535099556027
-0.13058792690968196,-0.8028623166393836,-0.9290257707046002
-0.1674677166881839,-0.5294549330233335,-0.6025409842895484
-0.2586493146924547,-0.2588450669406908,-0.32670747599537864
-0.3852787589728301,0.030934704993206143,-0.16540731255807206
-0.6017495472608817,0.3189397101220904,-0.1054691668818308
-0.9644963715249194,0.4263725473278029,-0.08350171381075729
-1.2864746284611028,0.4088229496973849,0.03657605644571435
-1.5361739322762622,0.36869141841842984,0.2183138336108079
-1.7840637422481924,0.4382690050983344,0.39841055033618966
-2.047623925092807,0.611357599216944,0.5686643715170777
-2.2422655607420086,0.7310821929341552,0.6374285970793556
-2.300286072607312,0.9059535981140263,0.8968172662954753
-2.3685917173964266,1.2277024853689333,1.0434445654557263
-2.4110008616230645,1.417431432396475,1.0087752808741692
-2.3231513238927692,1.1287069871047086,0.8855337358846166
-2.047005671721659,0.6105936386386229,0.8135293160206367
-1.6604013537442244,0.3514294638902515,0.6839373410420855
-1.403186258245982,0.6204565172935826,0.7587079966002491
-1.4408308744463114,1.2893905403097665,1.5069756243906507
-1.6302621165386215,1.8385462525918035,2.014432511307444
-1.7562246968246027,1.7162474968748898,1.9558497395528056
-1.7272658535407095,1.001671471925736,1.8955698827967682
-1.5469760841010916,0.17005251577440375,1.9476207417199591
-1.3079424101967585,-0.2641153179315098,2.0661178329265133
-1.1497019422133534,-0.14833821028343394,2.214792508364022
-1.1485194512919052,0.24002028212311657,2.2124341498476294
-1.236078373782593,0.722898502910097,2.105231059215922
-1.2554407677808992,0.8579632938499223,1.7145978741385703
-1.1900865416580735,0.8669586781381428,1.4086360786355525
-1.098121099613657,1.0407743577871442,1.2939993552598676
-0.9385094830426841,1.1675612323184184,1.174942569497706
-0.7576293720215395,1.2823700098504511,1.1032332429397924
-0.5970834336016073,1.334961362763199,1.0750853091821515
-0.43854956643066617,1.2352215381108365,1.067657921799149
-0.2628337872825045,1.0793276636072933,1.113509984424072
-0.0691895190562933,0.8869995575523648,1.1373342915161728
0.1334760962772501,0.6874988114654113,1.0985412318202743
0.3228561245742247,0.5480733245030507,1.00979042756323
0.4888691401655791,0.5240466158395973,0.8736241080360192
0.6425619388197608,0.6287684278869441,0.7312622067345712
0.8139134276503053,0.7783698325229269,0.630555026265161
0.9827744038949934,0.8119580372380689,0.5823463042294044
1.1436113191062118,0.6522110747936466,0.5739979097896846
1.3075879490981597,0.33615189219975794,0.5895645638632897
1.4858815194074968,0.040518317209458414,0.5938458965769332
1.6429467998133704,0.03865808849198142,0.49094011943548155
1.4916566566870395,0.29935187967413845,0.2706649520394015
0.5585985754667286,-0.18848549212748278,0.39896064724147584
-0.6350700053799674,-0.2988678567171274,0.2075313786137593
-1.214953632280005,-0.19000923603260175,-0.08467346235224253
-1.159816567365332,0.00468084537303598,0.6574941152999745
-0.7951221365166753,1.0055482272651655,1.0302594144715391
-0.33680227139965413,1.9757295859487407,0.908928949940321
0.13075421773318785,2.2938029350728724,0.5213052941045452
0.5014021121882791,1.65182519258685,-0.27465324182195466
0.8760145563858563,0.20625869376915143,-0.9907399480833696
0.9819391472060894,-1.4679654565211948,-1.493304880485903
0.6467874656029652,-2.9165762741997003,-1.6610077931609268
0.09971811543257376,-3.5103712707652353,-1.122482072264635
-0.7090791279058405,-2.164480597117675,-0.28028329697555604
-1.137442954053025,-0.7470030898877554,0.14974743904176582
-0.10828891978634371,-0.2960794471432747,0.3933664110699368
0.9764820307834241,-0.25206175339878045,0.5614645724354858
1.5708311234305974,-0.7257334115506375,0.604831578375413
1.8628807108590473,-1.3000101615928,0.4365569396405497
1.9715148422722961,-1.0197532378238192,0.2346753935555629
1.3422256122943013,-0.9634059485387759,0.3019105848406173
1.3285433397942885,-2.2287015069131755,-0.019519752870395726
1.47688741521918,-2.998633361024552,-0.7913700244284078
1.2129392151126261,-3.0672129723988895,-1.670024808599141
0.7092179679181155,-2.3013657389812576,-2.274905469296309
0.3566773136911881,-1.1283831401371414,-2.4357681503635202
0.3352557021049452,0.09690634854715688,-1.9898174151989043
0.5463967124716878,0.888875043764133,-1.3086286380212098
0.8014182016228963,0.9803888961860372,-0.5758422498087269
1.0242926847844918,0.5558577712197167,0.00472243086532139
1.1470312364381925,1.534083172166881e-4,0.3817817256791243
1.1822381989081405,-0.6173412026051595,0.5875313314917687
1.15564043270901,-1.188669943256649,0.5116839481484605
1.113627766053601,-1.607579617857397,0.170346177916507
1.0659273853146385,-1.7249167295050485,-0.19269638002667408
1.050389340356481,-1.7374824339387256,-0.5329918638023892
1.0399065109745746,-1.772964385105716,-0.7947774199015053
1.0344859835818279,-1.829783870016531,-0.9763859961614295
1.0690864069550288,-1.759780669051448,-1.1185282995497732
1.0940383899111976,-1.4031617259561329,-1.1609583635781422
1.0310442285284336,-0.9164845774549207,-1.120343311661346
0.9179960572865328,-0.49104451801391175,-1.1148539148949965
0.8680628779985291,-0.25232607258999484,-1.1635276867145277
0.9446557211331139,-0.1833764365084427,-1.1481731912269832
1.0576396807968185,-0.2078033524604089,-1.0194121247887313
1.0445980055617172,-0.36556608719054506,-0.835999282111853
0.9399409426178412,-0.62691728025633,-0.7357534317626953
0.8692042243389033,-0.8253646498238806,-0.7744660824360415
0.8296057828650744,-0.8637888043343335,-0.8766955696430954
0.7810141049269586,-0.7537556557559864,-1.0094961447442992
0.7279563237184092,-0.6302671478916881,-1.0911172265436324
0.6751136657588849,-0.5959644891229093,-1.0590426139165356
0.6174128017330152,-0.6310846925240321,-0.9573162456421401
0.5346415827312611,-0.6376223460035482,-0.8845842412245786
0.4175343069440156,-0.6620900483291409,-0.8628569059233607
0.2716089218639409,-0.7684659633377643,-0.9128568985146311
0.13847495498553167,-0.9033433208909375,-0.9485758629576984
0.04956092776303314,-0.9800989990823088,-0.9261709978342421
-0.0017480279740296255,-0.8944972982752204,-0.8884005241544477
-0.029145894480674134,-0.6709094340412456,-0.7763814336191605
-0.06443773572667155,-0.47409254435739195,-0.5463860506921495
-0.15255519228992276,-0.3787556536129938,-0.38497671685254325
-0.2990739559856277,-0.334346262206432,-0.32751184175153475
-0.48574836652530456,-0.16968099052220917,-0.253188062435926
-0.7059749174999915,0.007843024776158506,-0.15545158147986082
-0.9124378468468838,0.09056253283461227,0.04101979150559246
-1.1084459309118257,0.06271586615615438,0.3639479596498404
-1.3532532235786499,0.10228664850914089,0.6257467412192563
-1.5965584136397601,0.3210179204555289,0.7636937233726776
-1.8354863698331432,0.5073492661618705,0.846888636137698
-1.9760909253959646,0.5738292601737431,0.9736766277255846
-2.1196269419723928,0.7026807828213083,1.0340418989773086
-2.258653830628582,0.9633130010944075,0.9895427835953562
-2.295780849445207,1.0393378264728468,0.9531228692263947
-2.20475457404225,0.7411319731241135,0.9332581209924117
-1.9321976838372295,0.42355156184021436,0.9481235496094913
-1.5413530877680857,0.658530802058415,1.0741367490623093
-1.3261128406196252,1.3446083539680802,1.0141293002570322
-1.4147682047321508,1.8740946852153977,1.142656349345811
-1.6797202169203747,1.6146232331746033,1.3261065723449952
-1.8043946608842942,0.8087487557229425,1.4461911792052544
-1.6700479864028615,0.24267699193143685,1.5945761801057792
-1.4688191684030067,0.15371910775061223,1.7415330139010017
-1.3238576258664843,0.1930072774315755,1.8053168855381616
-1.2703909297089477,0.29210788287869127,1.8146976014096237
-1.3250076494471545,0.3579771782302003,1.6812674847377904
-1.3559910375129658,0.49945574553540306,1.4617268820046172
-1.2752540890332955,0.6220376679364792,1.3398123843786969
-1.1546052337740744,0.7112029964223933,1.2648049561647476
-1.040213753423891,0.8446174516834832,1.2118704705071446
-0.9078042005283863,0.9597475562557686,1.096094519814794
-0.7510591102894653,1.0281483768328126,1.0386263613070965
-0.5997790906101472,1.0350211411745833,1.027924108684627
-0.4359553246680948,0.9612989675270769,1.0553698985503048
-0.27191426616694275,0.7952126879486741,1.0238969529783095
-0.10338650498844447,0.6204092268174517,0.9593944056113126
0.06464271935892797,0.476390846265124,0.8657770875016264
0.23421645180456907,0.3852459216064004,0.7433660836781983
0.41182030805339714,0.3524608572080047,0.6300038731591219
0.6019070794949631,0.36300884943375333,0.5352966936375351
0.8075441163414377,0.3813443022022007,0.42910558109262875
1.0141249115356952,0.32547266557867316,0.3185005596786769
1.2048512317423041,0.1978811216571509,0.25128557397324736
1.39090088098061,0.03795711909379246,0.18361130166641368
1.5571631683770746,-0.06973997532302642,0.07904933286141765
1.6287595119280827,0.031580494782413815,-0.12859081130945205
1.3066263662526016,0.38657501888682594,-0.31186084086343874
0.22407550569035675,0.2763004096580934,0.05809141684795902
-1.0267933166498349,0.10715541798352882,0.3180919936743084
-1.5718431747230228,0.20157223860925702,0.03859930083185271
-1.4007804933736907,0.4428315831440902,0.6870671853259727
-0.873273412008567,1.1505302786914529,0.9575001325214842
-0.2739771354268381,1.5877361820012519,0.8814730572848307
0.2303908915662961,1.4935480908269698,0.7815768553067265
0.5754678537070889,1.052259782871979,0.14165434669278285
0.8093341587043346,0.32516383705226243,-0.6514484979279211
0.8944035809538669,-0.6992741907110178,-1.157215371796185
0.6080646299854203,-1.6659201984953103,-1.3853259874401453
0.032511209530770455,-2.407944378111552,-1.0100057845685637
-0.43861092175059824,-2.3754613611309936,-0.16346080345273625
-0.5037078676986233,-1.5066892207960763,0.11795855167927306
-8.00502709691699e-4,-1.2179877337673235,0.33940571157625155
0.6535091451782186,-1.1734457783362933,0.4329569482562101
1.1381788605080567,-1.1972565109077267,0.2602898001979948
1.419547777475833,-1.2970690219526426,-0.033873687571671376
1.6471860655603776,-1.0042141280830459,-0.3957270266092796
1.5245266214140492,-0.5629334876560502,-0.4852607741159005
1.4847618661678645,-1.4593891713354046,-0.5445718651724705
1.522012246417376,-2.3334645817845883,-0.5382863226471306
1.3134660562958915,-2.7038866708258342,-0.851555420099699
0.9568525224046482,-2.406340136242729,-1.5104468350218954
0.6401275390544907,-1.594370727491562,-1.944875797623167
0.5333048900187052,-0.5327438593234715,-1.9215976840857443
0.627767207958529,0.32076617733985535,-1.4573346321071377
0.7237916822379543,0.6824928464250781,-0.9890057582902961
0.8230844029200054,0.6392489192737543,-0.5646150194901864
0.939273156666666,0.34092769843732806,-0.13267856581645185
1.0303484584773006,-0.07722204082954187,0.17762978423176998
1.0792226528974136,-0.5393145762474052,0.29689298835850797
1.0888867846573163,-0.9601238919891538,0.1836489804802368
1.051191695842593,-1.4216807118657784,-0.09590730110076677
0.9866811867179608,-1.5396917681995088,-0.44077662923157906
0.9279529735961168,-1.5251132711856907,-0.6571303528401972
0.9129944236691147,-1.5479220838851315,-0.8085826525713153
0.9270841649113983,-1.7153767291243276,-0.9311750933154204
0.9492745438327709,-1.9468236765902496,-1.0482108618973796
0.9527282300915738,-2.0392151728812675,-1.154811458882092
0.9042652645511937,-1.8999657731369655,-1.1984229982572516
0.8017475752024963,-1.4343386925612223,-1.189105287056802
0.731511750619692,-0.9768258953688431,-1.2047642438918753
0.7942523919651179,-0.5573174444489487,-1.2875677194734365
0.9903332202278813,-0.09448813763722727,-1.2440009079040828
1.1273035306233912,0.1714125934136067,-1.0847082003737218
1.0884401960233734,0.15669224713188162,-0.95485189967626
0.9602079389170896,-0.17160645970910018,-0.9425751731832969
0.8714123650634344,-0.635945462063142,-0.9638261160230874
0.8135267842847466,-0.9868211607643869,-0.9572603129239968
0.7347729467645769,-1.102325245690554,-0.9453651963553118
0.6164071457377825,-0.9839191122207126,-1.0020028136968848
0.4818709820213683,-0.7312153394992834,-1.0844499363286988
0.3453903210647744,-0.6150475480313532,-1.076912061162566
0.22031027034973064,-0.6852430576899056,-1.0426776557606618
0.09821953343633444,-0.8067664623389341,-1.0010199040916803
-0.003096782954477335,-0.9086944576539583,-0.947691409631393
-0.055495676902551465,-0.9170181133046528,-0.8965415358723818
-0.07916399773868646,-0.861585874788306,-0.7525726021641812
-0.13039444252864701,-0.7554392764839951,-0.5304212548563914
-0.22194549211613862,-0.5661476001570233,-0.39058006849579946
-0.34429098286197796,-0.32929460224492674,-0.3172112439067664
-0.48979506984805854,-0.06860198903107886,-0.22197220990377076
-0.6849674633620818,0.07559590599689804,-0.15776549059119035
-0.9151630064724331,0.05901108726471614,0.0011972575278085085
-1.1193336258639146,0.08094254418135496,0.26740615942009044
-1.352781326327175,0.19937263313605985,0.5253947656552965
-1.590255989391514,0.4196358040462436,0.600875739180817
-1.8322756463026517,0.6343978117063375,0.6237102484019321
-1.9767985543421698,0.6906326586877775,0.6681933370855003
-2.097772733802186,0.6693532297370246,0.7294369081460985
-2.1980691942555715,0.646352507232854,0.764229446763367
-2.1739693162965494,0.5498964676479855,0.8365789228212127
-2.063212008803343,0.3265619420846428,0.9393402759901187
-1.8726991487080358,0.1579496552416026,1.0785867524440482
-1.6583313980714198,0.11151449629062003,1.106128978030663
-1.4746194696794104,0.4165441947093061,1.0635712514764821
-1.320212172597122,1.0896301619742892,1.150018344125664
-1.2957967323326391,1.6088732076719594,1.2053707029160097
-1.440861823270037,1.5490703895565288,1.2086606304966518
-1.540445593053711,0.9956387672696118,1.4605942674231
-1.4747494836631905,0.540557063982325,1.7458509462668308
-1.3175035720384718,0.30902790111507017,1.9517379040991523
-1.151694742757852,0.38608203672562236,2.157302491092913
-1.1367590428969647,0.6748853290249213,2.131988940938918
-1.2592466053750802,0.8738056476747513,1.8366436161885076
-1.3040928971597499,0.9514253188761476,1.5011806641542478
-1.2363612518162694,1.055931243473416,1.3100477287204377
-1.121430553291975,1.166450016931769,1.251833525106865
-0.9911741129554524,1.2366035546307192,1.1584005369894836
-0.8379004973179419,1.253717033905815,1.083744502173919
-0.6700291603291059,1.2146920643115464,1.049236403011642
-0.4948509723724996,1.0816921874138394,1.0855766890281728
-0.31680126867067093,0.8721041655954018,1.117455215689365
-0.13304826800792316,0.6380055830723478,1.1341363911663673
0.03797048255270836,0.44345300747945254,1.0841113252876535
0.19246484353900611,0.3074182964087472,0.9808383117365204
0.3440724290395282,0.2448147474895069,0.8852665630158499
0.5083186319633641,0.25949086144210476,0.8499488630154233
0.6877497523204454,0.3419503162028095,0.8188471490472624
0.8851949319992114,0.4069241506548349,0.8021602792705474
1.0811586175179682,0.43085565787243146,0.7404883499219028
1.258031072797695,0.379919737550092,0.6235695900146802
1.428095003788864,0.25482452800307576,0.46448582654634873
1.5865390976779006,0.12981131225253775,0.2578911223658954
1.6810462480259252,0.1536113634699429,-0.020089791305118457
1.477528663277114,0.44070266961974847,-0.2692227512084775
0.737600063963614,0.6098828189046138,-0.2226008100780766
-0.48439967029700465,0.39714215777207656,0.1532487215774609
-1.4215060818226255,0.27316122175871305,-0.2799384589101065
-1.499516062918351,0.3250507299340936,0.17986684038775644
-1.0364811661998816,0.9384916617406529,0.7548887746769801
-0.4231351721467382,1.615577552323667,0.748137080245341
0.12502760972776303,1.6221148955563855,0.49828764885719384
0.44819417856742705,1.0570415724406435,-0.16308976414632148
0.6613720987835107,0.05936230879995466,-0.7152705764792798
0.7496356131862995,-1.1087523183472523,-1.1459837329875446
0.5058251184985715,-1.9675515310560447,-1.4516183817877277
-0.005020714683214001,-2.281381767693889,-1.0275033573059533
-0.6050698932604569,-1.6260066820730448,-0.1411608279614078
-0.6557258143548484,-0.7123502511265581,0.04059336193196472
-0.001097610061635737,-0.5951605953496547,0.3719027585828229
0.7759285913200045,-0.8435050459986518,0.5079242867633128
1.345102262073366,-1.3130759838640231,0.4200311175177991
1.6899595092588096,-1.6564401200674759,0.1283659176436497
1.8270181105743393,-1.5192644099175623,-0.19911642168161314
1.4482918590623801,-1.377804280136325,-0.3688235958303271
1.3424807231590274,-2.0299304612939064,-0.6689114915710894
1.3560326924339166,-2.3142221889851498,-0.9165273338970263
1.1726707460672121,-2.1409449204926982,-1.248036605059969
0.8682123434626421,-1.6045345898610535,-1.588095132492811
0.6654426645170809,-0.8832940204922124,-1.7994483425184573
0.6657874401982075,-0.11837308428968524,-1.5463023708145178
0.745658689337599,0.3808058467246801,-1.126744439286494
0.8202854867519329,0.4521832637187369,-0.7234770726439071
0.8832345987954899,0.376022372959115,-0.3716701716644055
0.9321459607282075,0.2004921587047842,-0.054146433528096
0.9624194782274037,-0.09254389297896708,0.12695239958357685
0.9837083641922735,-0.5126263932712416,0.14512607856827672
0.9685851636306388,-0.9830076071297015,-0.04431249846933925
0.9160751332158257,-1.296062315415775,-0.306741550617513
0.8477119293994093,-1.4061392974345097,-0.5314921046547356
0.812027212540786,-1.4366943521735545,-0.6188357280562258
0.7762348255921458,-1.488552547582875,-0.6308999285889532
0.7433436739367456,-1.6114779131887669,-0.6851430929014393
0.7224632690588478,-1.7921099809043386,-0.7567678315555597
0.706538797666139,-1.8812098473159835,-0.8336148859508067
0.6801189148930931,-1.7279014809807371,-0.8853691820712316
0.6298861538838425,-1.4157714854350538,-0.944436566284463
0.6474795478269715,-0.9754345714450363,-1.0217128055596503
0.7358559386639547,-0.4637359744056915,-1.0424745896854322
0.8566186827020718,-0.07301856646179986,-0.9830916769776502
0.9438317448565958,0.055855323322155793,-0.9323849483172293
0.9471377010993451,-0.06493537880591335,-0.8980734861821195
0.9088219003620567,-0.3780552271467005,-0.9058510729974378
0.8878584832186536,-0.7126068695490493,-0.9304956347787634
0.8649781190730128,-0.9058533947664754,-0.9875070553433958
0.7996054538145563,-0.9267345111502282,-1.0613711232812106
0.6984902234288315,-0.8502767585263844,-1.0842368593072005
0.5886786989728094,-0.6979761624313119,-1.0615283594281093
0.47477675959603827,-0.5898471314120431,-0.9950871785396532
0.3500032866272312,-0.5953192201051117,-0.9795989588524098
0.20557698519635045,-0.6582926718488962,-1.0503180283216187
0.09379544699040096,-0.7885791745767714,-1.0976055136917986
0.031164277844141622,-0.9112935280394026,-1.0629111558227982
0.0066452631922569345,-0.9000645440931743,-0.9574048746618581
0.021451755781547455,-0.7714754015943394,-0.7681969339832608
0.013219490694310583,-0.5929950727032098,-0.528786623464742
-0.07331355828319264,-0.43848252774449703,-0.49961610369099685
-0.24212699952087943,-0.3268404392743931,-0.5543972415609941
-0.38848304688343527,-0.11114334499661893,-0.5222852026898196
-0.5412091286582164,0.12433020424185662,-0.4947651802799064
-0.7502336154958951,0.210213609141062,-0.388622055986609
-0.9466869866087352,0.22420132977101176,-0.10614642547860394
-1.1399208846404512,0.23580048246761062,0.18613394532168864
-1.396785202699695,0.3212260517356702,0.36816963998181873
-1.659766758237184,0.4785153720133299,0.4707980496211476
-1.8879612574247546,0.6110995182024076,0.5695489626086985
-2.029053618512928,0.7107302689449686,0.6425964955208106
-2.1693942413500555,0.8316658888756767,0.6929509582691813
-2.273517654015678,0.9562990301388098,0.7037016124392068
-2.2285831436213246,1.029416754382873,0.7850564398052109
-2.117330221086498,0.9110625650911242,0.87460913004273
-1.9650699624949846,0.5769232185221473,0.8587494950645645
-1.7229869617296805,0.5137234195791119,0.8760044171593687
-1.5196634579221748,1.001746285724901,0.7752793271989274
-1.427913500678463,1.8157349579179833,0.6423748770497436
-1.436773686124866,2.2665145131855176,0.588430479785074
-1.4994735444408966,1.8572766495334498,0.7469894033226503
-1.5049562587224374,0.9772296087262764,1.2136292743699428
-1.414074748611764,0.3838608469395144,1.6774236487447962
-1.2862388967663725,0.22279482591461378,1.979881521210237
-1.2219664332672169,0.4228746476490733,2.1024772224001445
-1.2578080635545408,0.49731202880672415,2.0660252546344133
-1.2676920187352956,0.7318197825346899,2.067985930606374
-1.2327991000537564,0.9983557314381007,1.7874702154909807
-1.1520133420974161,1.1288169031129607,1.5473430661134995
-1.0276433969575791,1.1840110493727227,1.4438598226907244
-0.8298024628109423,1.1960968463316624,1.4428063772439197
-0.6110755558905522,1.1133145797781743,1.412250305769173
-0.3966525601573798,0.9405765202197514,1.403370871959495
-0.20486183180769535,0.764828534874072,1.3518566548624307
-0.05037101628755009,0.6280043343457098,1.2469281614352172
0.07347382023245057,0.5711091492163083,1.1154591799530622
0.17314055708767054,0.5933235290517678,0.9755515218276819
0.2724596348871236,0.6818397325954014,0.8710847258948959
0.3855812734302039,0.8199983045997463,0.8132993397870886
0.5311775199392701,0.991882919539259,0.7738989187363762
0.7127574142351852,1.1177362171359297,0.6875607525300811
0.8996364630251954,1.1322462825704167,0.5386982111238326
1.0935661311080436,0.9967285313062637,0.38095136820008724
1.3115744179111863,0.7584300935646845,0.21164057356553065
1.505788265613756,0.5455505748297874,0.03464497705572852
1.5142229770442717,0.5494236515286184,-0.1066894561712429
1.138093028139454,0.6964099859086001,-0.12512818773039852
0.2357412056229744,0.41676517907105753,0.06692975067180942
-0.8737771981181326,0.47238476233211407,-0.012403657698488465
-1.3507990107813688,0.6082207381685448,0.05343752079909668
-1.1806836671414407,0.9236914712295464,0.742476119739268
-0.7183945069161466,1.5118538928657719,1.118258387479452
-0.22012547711905026,1.9110828402632065,1.218142282422694
0.19101652174554845,1.788336974590145,1.287676753864625
0.34437182998493615,1.1289226529499319,0.8543804058448686
0.3947395582359702,0.2775492416599125,0.016172335855681865
0.4053332032075007,-0.9169002195216088,-0.580446045204474
0.3199587217287834,-2.167484140685098,-0.7368571156279302
0.09978370090715054,-3.0753244192401046,-0.5503328892194583
-0.33775109147094257,-3.201031812200015,-0.4673238448261002
-0.9561443831185661,-1.5305876202482844,-1.0479623332679942
-0.6246521106796151,-0.03617281579773292,-0.9124143963208472
0.2640524013842142,0.10471721056258013,-0.4277211154093942
0.9373582343538311,-0.07427292583839518,-0.4527096083011748
1.4601041862784296,-0.10938483290774594,-0.5715500795569208
1.8759834883279047,0.3606406026656375,-0.5736220239821324
1.478273748977267,-0.09451126764400404,-0.5878738458834232
1.3715435487058107,-1.628350906874841,-0.8963445314710397
1.4814136083786684,-2.4547693067623606,-0.9292366434810485
1.317994129524111,-2.5728829218231453,-1.1074969715100498
0.8011758896876078,-2.117958114773443,-1.72685336866817
0.3483148764413111,-1.1156175481239419,-2.1049644213036593
0.1926292230098788,0.14132785065906334,-1.9453078296529644
0.25098717105722457,1.0124367698726375,-1.5676582908248138
0.4335203867428319,1.3538547722364376,-1.0295065568386683
0.7025296957180046,1.255809958801649,-0.44101128948585855
0.9272528649248355,0.9480847586447138,0.0788536142696879
0.996113853092946,0.4803606756437993,0.43785661762814554
0.9699082258448953,-0.14067606174631228,0.5666923069456935
0.9937735290745601,-0.5671162349797423,0.3727434484605318
1.033538573562088,-0.7789849696484337,-0.056369684451412765
0.9785072986686998,-0.8094626399719916,-0.5856904952396439
0.8763931009938045,-0.6777837052960328,-0.9495619870869341
0.827817620570909,-0.5622131389132612,-0.9820260163395277
0.8472738010747564,-0.685484518340291,-0.9790792162383327
0.9198847309474697,-1.051453280529468,-1.0146438835279012
0.9934962912470767,-1.4797905575283041,-1.067591962029979
1.0191107091895713,-1.6686246641499574,-1.0985438791782849
0.985069389332828,-1.485261006345443,-1.0824133975896029
0.9233271367938862,-1.0064815889629501,-1.0057686745212355
0.8861493561215246,-0.3921103599736467,-1.038986555580923
0.8884969834838271,0.24251477717732323,-1.098441289939917
0.9501890526497191,0.7149236533017175,-1.1311341933035335
0.9902585236509935,0.8512131213141285,-1.134256230886202
0.9227819168619033,0.6606480591673655,-1.0841215956597952
0.8006193170329032,0.24942946915772568,-1.0369785801839329
0.7339156354232519,-0.18979598568030193,-1.0349792380800553
0.6941048184931587,-0.5447353855769466,-0.9875005344517895
0.614807604954569,-0.77548192873706,-0.9674817645949391
0.4733568015318008,-0.8913539663650452,-0.9650615035300587
0.30534684562922293,-0.8823272914712493,-0.9589449990469894
0.1660251567727411,-0.6832576111489151,-0.9550675483169833
0.055793610952091496,-0.34545287595153795,-0.9246237096526984
-0.0646346819650332,0.02241228086750838,-0.9281753913330258
-0.2156217001636617,0.21127815454517496,-1.096945709673504
-0.3308718838291339,0.16625653540474766,-1.2250980371037856
-0.3765526730441809,0.07421216095914415,-1.1982637415523905
-0.41304415631940045,0.015277878753272777,-1.014854939991437
-0.5066327484716711,0.049094170265780154,-0.745870365480851
-0.6507204205999688,0.33979436688611553,-0.4726898497914225
-0.8743639964932048,0.7541596793602177,-0.2973971933089331
-1.1333192402226366,1.0803464254482917,-0.1873121268972532
-1.4172507631810694,1.454847905308697,-0.11742847275973661
-1.6950842832105806,1.8869197559717734,-0.14860973112958883
-2.0136006105096795,2.049285910522505,-0.3265947380454266
-2.221638025108428,1.6544174375427505,-0.41179096755051525
-2.2712155821649334,1.012227929456959,-0.2617590741452512
-2.27240103781015,0.7667764415525671,0.007360785905277384
-2.182297297671415,0.9651204102946124,0.26946037804135803
-1.9641760621237412,1.171282066481626,0.5128052200523234
-1.7170514401253179,1.223326409969437,0.789797587220635
-1.5510571348333537,1.0659422871346604,1.027976459504564
-1.4577257505455474,0.8514275461721622,1.2920419856554834
-1.3736114755216864,0.876948004523563,1.6123829900549722
-1.3297935813328612,0.9935230613946487,1.9836557397970689
-1.3083668718679442,1.1583952122915806,2.3147107527926267
-1.3027513958098622,1.3928138808676966,2.4447656192316742
-1.262139452669366,1.923015641230015,2.6398789620080336
-1.3040013522746179,2.503475698587995,2.606178075751769
-1.34629523382598,2.9899919619642255,2.4675209593180787
-1.3933458338873823,3.289458481014053,2.3063458265150323
-1.4571965835081133,3.0380465316363803,2.010405539288214
-1.496273233598761,2.55675996556244,1.689472603249262
-1.4577906852271023,2.352826235949136,1.5349502493812366
-1.389399280379721,2.325519199253933,1.4683708439594374
-1.2675184739293592,2.2662859942586846,1.47821922715567
-1.1026925590433605,2.1302197266565774,1.582034760519731
-0.9154761102264765,1.9482121132828998,1.7358908813213987
-0.7092760289502424,1.6784500408953553,1.827493611298944
-0.48643715862903186,1.3722586122632445,1.8658505978491218
-0.29481621494782173,1.1617872734913968,1.8779089203950485
-0.14910329571193123,1.084234172388547,1.8544618147371266
-0.046601031061740655,1.163261300347219,1.789275492186916
0.021836878370356288,1.2827734193291231,1.7068352578208832
0.0895349174852704,1.3825572103847865,1.6306756523505992
0.17770577071211888,1.4380007950697273,1.5717965933238258
0.29087051525413204,1.4474895604078915,1.4874149701300217
0.4328978309067036,1.4086277806290999,1.3593918665657947
0.5921854971732622,1.3278054760582372,1.166530803012799
0.7605692975119615,1.1190409378822672,0.9404539708016222
0.9276323495671498,0.7674127134132374,0.7319492882853594
1.0835938126969327,0.3929753659979694,0.5856219960607654
1.2238011675851679,0.10468583131506308,0.44891191683278725
1.2294350827788803,0.062000736207708795,0.26909135068257356
0.9461339613280116,0.5643401845887817,0.05000422544666205
0.5745619859752695,1.1280671695663522,-0.07228167024951528
0.15076901365872614,1.1743423408920175,-0.03935224679985829
-0.5586305324676291,1.513825289658933,0.0589562845385599
-1.0645176911505596,1.7019850083847956,0.3854398540266571
-0.9968420863173296,1.81052919394007,0.9536612560798527
-0.5291465353699394,2.037127959022665,1.3403829164724672
-0.08680885433239309,1.9520696333208858,1.477674962315412
0.17316118361095936,1.4340863669048884,1.581627158872572
0.2642347861287029,0.8706499945346184,1.5265292985419547
0.1906867323815178,0.753480327515668,1.1061284269694003
0.08902890331348262,0.43285019021249116,0.7354215253003439
0.14784483791145248,-0.675869704160406,0.25484136565215765
0.5046126187877636,-1.9231444000190077,-0.11629229708831744
0.6785036466118417,-2.610304358684127,-0.37756948912739374
-0.03226957444443873,-2.02856360254613,-0.9987289587363988
-0.8607185299541172,-0.08756497758128991,-1.8615793977423039
-0.46386592116896513,0.7402039806318649,-1.58202170263176
0.31628741751437034,0.4808513087935362,-0.9120513387924064
1.000879321153619,0.23155269411887436,-0.7623188553397648
1.4660282828497344,0.048454275165724675,-0.6677375933166583
1.7803529246027872,-0.04363266126240886,-0.5100301971949531
1.619187503535998,-0.6353303756266425,-0.2780116961666767
1.4802038564606215,-1.87527704212865,-0.3139523364830258
1.4053100169761523,-2.5497104998770523,-0.5882744674212576
1.2053503899903781,-2.3329093286590323,-0.9453183561479996
0.7660802128244665,-1.6022056114733052,-1.3604874520944215
0.33528173382583565,-0.5818604481043881,-1.7565427126205537
0.11316270385878971,0.5610366323681908,-1.9170312230905302
0.16930139346747397,1.504752609597167,-1.7847948888003509
0.3964108670274719,1.8387501290587225,-1.3768694013058889
0.6633453755373414,1.5749550776481775,-0.7711430911796497
0.8866419341290402,1.1054424661807332,-0.06471171872572808
0.9143947856323482,0.6940484759280873,0.36278218954903113
0.837407778857281,0.4056674295201655,0.42135954253458824
0.8085877714181371,0.18323649775449774,0.21438664960186155
0.827659405556164,-0.028479753383290434,-0.10612446195614952
0.8369939468054589,-0.11225605344598077,-0.4476510036767814
0.825425016179735,0.03382508604124636,-0.6902522114748947
0.8079930189061266,0.17444459104445598,-0.7291064389709304
0.812082819189021,0.08364900427970044,-0.6565463656672675
0.8207291829724436,-0.27477094363550025,-0.5798400615028164
0.8270173620845354,-0.7231678921402923,-0.5488525090595358
0.8340640043089048,-1.0113339375175567,-0.558179955675623
0.8542268737245916,-1.1227753849516298,-0.6027201251216313
0.8802772506816647,-1.0819087017255489,-0.6417093167052065
0.8503192231775941,-0.855158713489666,-0.6348099378552183
0.7940608418855658,-0.44984210343198083,-0.6842144628305904
0.8324879282296604,0.021925980092693486,-0.7857984736121748
0.9346965632031198,0.4514382725160334,-0.8013142004407712
1.028116889203968,0.6631533906989986,-0.7510384016876216
1.0460144204195003,0.6211997799784145,-0.7238445845842199
1.0147150361862143,0.4256487858702416,-0.7233160709117148
0.9766061876300044,0.1559394332777844,-0.7567349974886692
0.9262334338106317,-0.1105315410820393,-0.8048198225839084
0.8352614634698649,-0.35147037851458496,-0.8621263364546072
0.6927310667335017,-0.5604865268433153,-0.9136980016882867
0.5415207903730698,-0.6897104342898046,-0.8982704905834616
0.4045451651678786,-0.6769360224033618,-0.8084732209889383
0.2614971710478106,-0.44388871115358547,-0.7218846433606108
0.09399788429488797,-0.18937477025150226,-0.7268544811999705
-0.07487548865299463,-0.22929894586730964,-0.8562383846301578
-0.16274529135489968,-0.4962993009858276,-0.8432878020567065
-0.15287719021527024,-0.593437927846134,-0.6804676136197958
-0.11400790809013289,-0.43264230906572715,-0.4514796854850567
-0.14703522010785777,-0.1655809073496827,-0.16784561800918846
-0.26720259699610976,0.26150651272487896,0.010279745932273295
-0.5231960455260649,0.665809856741978,0.03277779781130609
-0.8136124678651514,0.8974742872129359,0.05288303836459653
-1.0184168873499788,1.0559503901329181,0.15680940392507578
-1.241058241988933,1.1332461636777398,0.2924907436195186
-1.550749237423488,1.2529548904873073,0.3455385182883362
-1.877536710173508,1.4461787233675465,0.3077680446085418
-2.1118201734980233,1.519593398117773,0.3366365828104396
-2.1523828009894994,1.4204337349767078,0.5589069134291567
-2.1517619444462626,1.4204603275593493,0.8169316600988279
-2.1414018980145553,1.563274551648696,0.8946248690626367
-2.029010376932116,1.6864561811093102,0.9697405808146664
-1.860164151995933,1.5819191431903517,1.0312028313529316
-1.7035790122198162,1.3440609899753748,1.0825102167894727
-1.5690034032152196,1.234215452067564,1.0290619583481364
-1.5422769246183532,1.4131848628744432,0.7291961862179317
-1.562245713092734,1.6974632056324237,0.5035263586708797
-1.568862253439725,1.6651450626642426,0.512940505592266
-1.578335775154441,1.2997565063073342,0.5847957715411971
-1.5416928017257054,0.9861507110669853,0.7376047381788075
-1.504346827212258,0.8193475841025073,0.7726520507864363
-1.4796767099450634,0.7047211430454536,0.7510444794662674
-1.4918756082163362,0.723757354687477,0.8286523657779331
-1.5440713779117334,0.7580551381494383,0.8557924084864698
-1.4959375690199457,0.8272213818968488,1.0784078412208247
-1.3662000999635078,0.9313607720633746,1.3158333209153783
-1.2605259198361738,1.000912342333261,1.4033288076164578
-1.2182692057974165,1.0511380190942157,1.3298664633390023
-1.1342393169354419,1.0505636193091579,1.261949632233127
-0.963296019950527,0.979163066768203,1.3025339165627672
-0.7421773763629915,0.8576999386398287,1.3880662475162064
-0.5328243475145751,0.7078962974128568,1.4518786824954713
-0.3266816444898035,0.5620577875416269,1.4878317561315546
-0.13521481221178155,0.4573693491854953,1.559011237285579
0.03539958685996158,0.45306507375913124,1.5841761845857887
0.19401975076744296,0.5088287888181051,1.5725232594419705
0.3431836988572952,0.6143805553696953,1.514020024196218
0.4815855008156032,0.7665696399015578,1.392192594249773
0.6187310914651083,0.9258677195509906,1.2392539904501605
0.7528967370208484,1.0007204325285315,1.0554755186256164
0.8811300787821699,0.9129993915268513,0.8314780242449228
0.9797942780253888,0.7228617165041091,0.6176224909480564
1.055507176683541,0.46341769914440656,0.42915935548749395
1.1267737851032709,0.22058057236047815,0.24261834467140178
1.1476757384612382,0.12648679621263115,0.08657823032114886
0.8915787776855758,0.3673688806417226,-0.08896717672362771
0.3451765355569617,0.592866180951304,-0.05913844010282826
-0.2519662849916898,0.47851120584204937,0.1483010639539165
-0.8591819353182235,0.5488800991394248,-0.10322717700547844
-0.989982800173036,0.36586684293218474,0.11998372477983003
-0.6786751625608493,0.3306990831291046,0.8176349979568598
-0.2655677145362707,0.4937214982984598,1.1544326203688844
0.043937837652560756,0.7473883214002535,1.1464699688129114
0.2066112760845625,0.9680469240143169,0.6787484563508837
0.30180195795938386,0.8544473112149961,0.017397666494612572
0.41228656509867917,0.2884727654735312,-0.36491464276481494
0.40121744351405125,-0.4235061613733903,-0.7651079600763422
0.04497231383600832,-0.8631807206112633,-1.034126287089256
0,0,0
0,0,0
0,0,0
0,0,0
0,0,0
0,0,0
0,0,0
0,0,0
0,0,0
0,0,0
0,0,0
0,0,0
0,0,0
0,0,0
0,0,0
0,0,0
0,0,0
0,0,0
0,0,0
0,0,0
0,0,0
0,0,0
0,0,0
0,0,0
0,0,0
0,0,0
0,0,0
0,0,0
0,0,0
0,0,0
0,0,0
0,0,0
0,0,0
0,0,0
0,0,0
0,0,0
0,0,0
0,0,0
0,0,0
0,0,0
0,0,0
0,0,0
0,0,0
0,0,0
0,0,0
0,0,0
0,0,0
0,0,0
0,0,0
0,0,0
0,0,0
0,0,0
0,0,0
0,0,0
0,0,0
0,0,0
0,0,0
0,0,0
0,0,0
0,0,0
0,0,0
0,0,0
0,0,0
0,0,0
0,0,0
0,0,0
0,0,0
0,0,0
0,0,0
0,0,0
0,0,0
0,0,0
0,0,0
0,0,0
0,0,0
0,0,0
0,0,0
0,0,0
0,0,0
0,0,0
0,0,0
0,0,0
0,0,0
0,0,0
0,0,0
0,0,0
0,0,0
0,0,0
0,0,0
0,0,0
0,0,0
0,0,0
0,0,0
0,0,0
0,0,0
0,0,0
0,0,0
0,0,0
0,0,0
0,0,0
0,0,0
0,0,0
0,0,0
0,0,0
0,0,0
0,0,0
0,0,0
0,0,0
0,0,0
0,0,0
0,0,0
0,0,0
0,0,0
0,0,0
0,0,0
0,0,0
0,0,0
0,0,0
0,0,0
0,0,0
0,0,0
0,0,0
0,0,0
0,0,0
0,0,0
0,0,0
0,0,0
0,0,0
0,0,0
0,0,0
0,0,0
0,0,0
0,0,0
0,0,0
0,0,0
0,0,0
0,0,0
0,0,0
0,0,0
0,0,0
0,0,0
0,0,0
0,0,0
0,0,0
0,0,0
0,0,0
0,0,0
0,0,0
0,0,0
0,0,0
0,0,0
0,0,0
0,0,0
0,0,0
0,0,0
0,0,0
0,0,0
0,0,0
0,0,0
0,0,0
0,0,0
0,0,0
0,0,0
0,0,0
0,0,0
0,0,0
0,0,0
0,0,0
0,0,0
0,0,0
0,0,0
0,0,0
0,0,0
0,0,0
0,0,0
0,0,0
0,0,0
0,0,0
0,0,0
0,0,0
0,0,0
0,0,0
0,0,0
0,0,0
0,0,0
0,0,0
0,0,0
0,0,0
0,0,0
0,0,0
0,0,0
0,0,0
0,0,0
0,0,0
0,0,0
0,0,0
0,0,0
0,0,0
0,0,0
0,0,0
0,0,0
0,0,0
0,0,0
0,0,0
0,0,0
0,0,0
0,0,0
0,0,0
0,0,0
0,0,0
0,0,0
0,0,0
0,0,0
0,0,0
0,0,0
0,0,0
0,0,0
0,0,0
0,0,0
0,0,0
0,0,0
0,0,0
0,0,0
0,0,0
0,0,0
0,0,0
0,0,0
0,0,0
0,0,0
0,0,0
0,0,0
0,0,0
0,0,0
0,0,0
0,0,0
0,0,0
0,0,0
0,0,0
0,0,0
0,0,0
0,0,0
0,0,0
0,0,0
0,0,0
0,0,0
0,0,0
0,0,0
0,0,0
0,0,0
0,0,0
0,0,0
0,0,0
0,0,0
0,0,0
0,0,0
0,0,0
0,0,0
0,0,0
0,0,0
0,0,0
0,0,0
0,0,0
0,0,0
0,0,0
0,0,0
0,0,0
0,0,0
0,0,0
0,0,0
0,0,0
0,0,0
0,0,0
0,0,0
0,0,0
0,0,0
0,0,0
0,0,0
0,0,0
0,0,0
0,0,0
0,0,0
0,0,0
0,0,0
0,0,0
0,0,0
0,0,0
0,0,0
0,0,0
0,0,0
0,0,0
0,0,0
0,0,0
0,0,0
0,0,0
0,0,0
0,0,0
0,0,0
0,0,0
0,0,0
0,0,0
0,0,0
0,0,0
0,0,0
0,0,0
0,0,0
0,0,0
0,0,0
0,0,0
0,0,0
0,0,0
0,0,0
0,0,0
0,0,0
0,0,0
0,0,0
0,0,0
0,0,0
0,0,0
0,0,0
0,0,0
0,0,0
0,0,0
0,0,0
0,0,0
0,0,0
0,0,0
0,0,0
0,0,0
0,0,0
0,0,0
0,0,0
0,0,0
0,0,0
0,0,0
0,0,0
0,0,0
0,0,0
0,0,0
0,0,0
0,0,0
0,0,0
0,0,0
0,0,0
0,0,0
0,0,0
0,0,0
0,0,0
0,0,0
0,0,0
0,0,0
0,0,0
0,0,0
0,0,0
0,0,0
0,0,0
0,0,0
0,0,0
0,0,0
0,0,0
0,0,0
0,0,0
0,0,0
0,0,0
0,0,0
0,0,0
0,0,0
0,0,0
0,0,0
0,0,0
0,0,0
0,0,0
0,0,0
0,0,0
0,0,0
0,0,0
0,0,0
0,0,0
0,0,0
0,0,0
0,0,0
0,0,0
0,0,0
0,0,0
0,0,0
0,0,0
0,0,0
0,0,0
0,0,0
0,0,0
0,0,0
0,0,0
0,0,0
0,0,0
0,0,0
0,0,0
0,0,0
0,0,0
0,0,0
0,0,0
0,0,0
0,0,0
0,0,0
0,0,0
0,0,0
0,0,0
0,0,0
0,0,0
0,0,0
0,0,0
0,0,0
0,0,0
0,0,0
0,0,0
0,0,0
0,0,0
0,0,0
0,0,0
0,0,0
0,0,0
0,0,0
0,0,0
0,0,0
0,0,0
0,0,0
0,0,0
0,0,0
0,0,0
0,0,0
0,0,0
0,0,0
0,0,0
0,0,0
0,0,0
0,0,0
0,0,0
0,0,0
0,0,0
0,0,0
0,0,0
0,0,0
0,0,0
0,0,0
0,0,0
0,0,0
0,0,0
0,0,0
0,0,0
0,0,0
0,0,0
0,0,0
0,0,0
0,0,0
0,0,0
0,0,0
0,0,0
0,0,0
0,0,0
0,0,0
0,0,0
0,0,0
0,0,0
0,0,0
0,0,0
0,0,0
0,0,0
0,0,0
0,0,0
0,0,0
0,0,0
0,0,0
0,0,0
0,0,0
0,0,0
0,0,0
0,0,0
0,0,0
0,0,0
0,0,0
0,0,0
0,0,0
0,0,0
0,0,0
0,0,0
0,0,0
0,0,0
0,0,0
0,0,0
0,0,0
0,0,0
0,0,0
0,0,0
0,0,0
0,0,0
0,0,0
0,0,0
0,0,0
0,0,0
0,0,0
0,0,0
0,0,0
0,0,0
0,0,0
0,0,0
0,0,0
0,0,0
0,0,0
0,0,0
0,0,0
0,0,0
0,0,0
0,0,0
0,0,0
0,0,0
0,0,0
0,0,0
0,0,0
0,0,0
0,0,0
0,0,0
0,0,0
0,0,0
0,0,0
0,0,0
0,0,0
0,0,0
0,0,0
0,0,0
0,0,0
0,0,0
0,0,0
0,0,0
0,0,0
0,0,0
0,0,0
0,0,0
0,0,0
0,0,0
0,0,0
0,0,0
0,0,0
0,0,0
0,0,0
0,0,0
0,0,0
0,0,0
0,0,0
0,0,0
0,0,0
0,0,0
0,0,0
0,0,0
0,0,0
0,0,0
0,0,0
0,0,0
0,0,0
0,0,0
0,0,0
0,0,0
0,0,0
0,0,0
0,0,0
0,0,0
0,0,0
0,0,0
0,0,0
0,0,0
0,0,0
0,0,0
0,0,0
0,0,0
0,0,0
0,0,0
0,0,0
0,0,0
0,0,0
0,0,0
0,0,0
0,0,0
0,0,0
0,0,0
0,0,0
0,0,0
0,0,0
0,0,0
0,0,0
0,0,0
0,0,0
0,0,0
0,0,0
0,0,0
0,0,0
0,0,0
0,0,0
0,0,0
0,0,0
0,0,0
0,0,0
0,0,0
0,0,0
0,0,0
0,0,0
0,0,0
0,0,0
0,0,0
0,0,0
0,0,0
0,0,0
0,0,0
0,0,0
0,0,0
0,0,0
0,0,0
0,0,0
0,0,0
0,0,0
0,0,0
0,0,0
0,0,0
0,0,0
0,0,0
0,0,0
0,0,0
0,0,0
0,0,0
0,0,0
0,0,0
0,0,0
0,0,0
0,0,0
0,0,0
0,0,0
0,0,0
0,0,0
0,0,0
0,0,0
0,0,0
0,0,0
0,0,0
0,0,0
0,0,0
0,0,0
0,0,0
0,0,0
0,0,0
0,0,0
0,0,0
0,0,0
0,0,0
0,0,0
0,0,0
0,0,0
0,0,0
0,0,0
0,0,0
0,0,0
0,0,0
0,0,0
0,0,0
0,0,0
0,0,0
0,0,0
0,0,0
0,0,0
0,0,0
0,0,0
0,0,0
0,0,0
0,0,0
0,0,0
0,0,0
0,0,0
0,0,0
0,0,0
0,0,0
0,0,0
0,0,0
0,0,0
0,0,0
0,0,0
0,0,0
0,0,0
0,0,0
0,0,0
0,0,0
0,0,0
0,0,0
0,0,0
0,0,0
0,0,0
0,0,0
0,0,0
0,0,0
0,0,0
0,0,0
0,0,0
0,0,0
0,0,0
0,0,0
0,0,0
0,0,0
0,0,0
0,0,0
0,0,0
0,0,0
0,0,0
0,0,0
0,0,0
0,0,0
0,0,0
0,0,0
0,0,0
0,0,0
0,0,0
0,0,0
0,0,0
0,0,0
0,0,0
0,0,0
0,0,0
0,0,0
0,0,0
0,0,0
0,0,0
0,0,0
0,0,0
0,0,0
0,0,0
0,0,0
0,0,0
0,0,0
0,0,0
0,0,0
0,0,0
0,0,0
0,0,0
0,0,0
0,0,0
0,0,0
0,0,0
0,0,0
0,0,0
0,0,0
0,0,0
0,0,0
0,0,0
0,0,0
0,0,0
0,0,0
0,0,0
0,0,0
0,0,0
0,0,0
0,0,0
0,0,0
0,0,0
0,0,0
0,0,0
0,0,0
0,0,0
0,0,0
0,0,0
0,0,0
0,0,0
0,0,0
0,0,0
0,0,0
0,0,0
0,0,0
0,0,0
0,0,0
0,0,0
0,0,0
0,0,0
0,0,0
0,0,0
0,0,0
0,0,0
0,0,0
0,0,0
0,0,0
0,0,0
0,0,0
0,0,0
0,0,0
0,0,0
0,0,0
0,0,0
0,0,0
0,0,0
0,0,0
0,0,0
0,0,0
0,0,0
0,0,0
0,0,0
0,0,0
0,0,0
0,0,0
0,0,0
0,0,0
0,0,0
0,0,0
0,0,0
0,0,0
0,0,0
0,0,0
0,0,0
0,0,0
0,0,0
0,0,0
0,0,0
0,0,0
0,0,0
0,0,0
0,0,0
0,0,0
0,0,0
0,0,0
0,0,0
0,0,0
0,0,0
0,0,0
0,0,0
0,0,0
0,0,0
0,0,0
0,0,0
0,0,0
0,0,0
0,0,0
0,0,0
0,0,0
0,0,0
0,0,0
0,0,0
0,0,0
0,0,0
0,0,0
0,0,0
0,0,0
0,0,0
0,0,0
0,0,0
0,0,0
0,0,0
0,0,0
0,0,0
0,0,0
0,0,0
0,0,0
0,0,0
0,0,0
0,0,0
0,0,0
0,0,0
0,0,0
0,0,0
0,0,0
0,0,0
0,0,0
0,0,0
0,0,0
0,0,0
0,0,0
0,0,0
0,0,0
0,0,0
0,0,0
0,0,0
0,0,0
0,0,0
0,0,0
0,0,0
0,0,0
0,0,0
0,0,0
0,0,0
0,0,0
0,0,0
0,0,0
0,0,0
0,0,0
0,0,0
0,0,0
0,0,0
0,0,0
0,0,0
0,0,0
0,0,0
0,0,0
0,0,0
0,0,0
0,0,0
0,0,0
0,0,0
0,0,0
0,0,0
0,0,0
0,0,0
0,0,0
0,0,0
0,0,0
0,0,0
0,0,0
0,0,0
0,0,0
0,0,0
0,0,0
0,0,0
0,0,0
0,0,0
0,0,0
0,0,0
0,0,0
0,0,0
0,0,0
0,0,0
0,0,0
0,0,0
0,0,0
0,0,0
0,0,0
0,0,0
0,0,0
0,0,0
0,0,0
0,0,0
0,0,0
0,0,0
0,0,0
0,0,0
0,0,0
0,0,0
0,0,0
0,0,0
0,0,0
0,0,0
0,0,0
0,0,0
0,0,0
0,0,0
0,0,0
0,0,0
0,0,0
0,0,0
0,0,0
0,0,0
0,0,0
0,0,0
0,0,0
0,0,0
0,0,0
0,0,0
0,0,0
0,0,0
0,0,0
0,0,0
0,0,0
0,0,0
0,0,0
0,0,0
0,0,0
0,0,0
0,0,0
0,0,0
0,0,0
0,0,0
0,0,0
0,0,0
0,0,0
0,0,0
0,0,0
0,0,0
0,0,0
0,0,0
0,0,0
0,0,0
0,0,0
0,0,0
0,0,0
0,0,0
0,0,0
0,0,0
0,0,0
0,0,0
0,0,0
0,0,0
0,0,0
0,0,0
0,0,0
0,0,0
0,0,0
0,0,0
0,0,0
0,0,0
0,0,0
0,0,0
0,0,0
0,0,0
0,0,0
0,0,0
0,0,0
0,0,0
0,0,0
0,0,0
0,0,0
0,0,0
0,0,0
0,0,0
0,0,0
0,0,0
0,0,0
0,0,0
0,0,0
0,0,0
0,0,0
0,0,0
0,0,0
0,0,0
0,0,0
0,0,0
0,0,0
0,0,0
0,0,0
0,0,0
0,0,0
0,0,0
0,0,0
0,0,0
0,0,0
0,0,0
0,0,0
0,0,0
0,0,0
0,0,0
0,0,0
0,0,0
0,0,0
0,0,0
0,0,0
0,0,0
0,0,0
0,0,0
0,0,0
0,0,0
0,0,0
0,0,0
0,0,0
0,0,0
0,0,0
0,0,0
0,0,0
0,0,0
0,0,0
0,0,0
0,0,0
0,0,0
0,0,0
0,0,0
0,0,0
0,0,0
0,0,0
0,0,0
0,0,0
0,0,0
0,0,0
0,0,0
0,0,0
0,0,0
0,0,0
0,0,0
0,0,0
0,0,0
0,0,0
0,0,0
0,0,0
0,0,0
0,0,0
0,0,0
0,0,0
0,0,0
0,0,0
0,0,0
0,0,0
0,0,0
0,0,0
0,0,0
0,0,0
0,0,0
0,0,0
0,0,0
0,0,0
0,0,0
0,0,0
0,0,0
0,0,0
0,0,0
0,0,0
0,0,0
0,0,0
0,0,0
0,0,0
0,0,0
0,0,0
0,0,0
0,0,0
0,0,0
0,0,0
0,0,0
0,0,0
0,0,0
0,0,0
0,0,0
0,0,0
0,0,0
0,0,0
0,0,0
0,0,0
0,0,0
0,0,0
0,0,0
0,0,0
0,0,0
0,0,0
0,0,0
0,0,0
0,0,0
0,0,0
0,0,0
0,0,0
0,0,0
0,0,0
0,0,0
0,0,0
0,0,0
0,0,0
0,0,0
0,0,0
0,0,0
0,0,0
0,0,0
0,0,0
0,0,0
0,0,0
0,0,0
0,0,0
0,0,0
0,0,0
0,0,0
0,0,0
0,0,0
0,0,0
0,0,0
0,0,0
0,0,0
0,0,0
0,0,0
0,0,0
0,0,0
0,0,0
0,0,0
0,0,0
0,0,0
0,0,0
0,0,0
0,0,0
0,0,0
0,0,0
0,0,0
0,0,0
0,0,0
0,0,0
0,0,0
0,0,0
0,0,0
0,0,0
0,0,0
0,0,0
0,0,0
0,0,0
0,0,0
0,0,0
0,0,0
0,0,0
0,0,0
0,0,0
0,0,0
0,0,0
0,0,0
0,0,0
0,0,0
0,0,0
0,0,0
0,0,0
0,0,0
0,0,0
0,0,0
0,0,0
0,0,0
0,0,0
0,0,0
0,0,0
0,0,0
0,0,0
0,0,0
0,0,0
0,0,0
0,0,0
0,0,0
0,0,0
0,0,0
0,0,0
0,0,0
0,0,0
0,0,0
0,0,0
0,0,0
0,0,0
0,0,0
0,0,0
0,0,0
0,0,0
0,0,0
0,0,0
0,0,0
0,0,0
0,0,0
0,0,0
0,0,0
0,0,0
0,0,0
0,0,0
0,0,0
0,0,0
0,0,0
0,0,0
0,0,0
0,0,0
0,0,0
0,0,0
0,0,0
0,0,0
0,0,0
0,0,0
0,0,0
0,0,0
0,0,0
0,0,0
0,0,0
0,0,0
0,0,0
0,0,0
0,0,0
0,0,0
0,0,0
0,0,0
0,0,0
0,0,0
0,0,0
0,0,0
0,0,0
0,0,0
0,0,0
0,0,0
0,0,0
0,0,0
0,0,0
0,0,0
0,0,0
0,0,0
0,0,0
0,0,0
0,0,0
0,0,0
0,0,0
0,0,0
0,0,0
0,0,0
0,0,0
0,0,0
0,0,0
0,0,0
0,0,0
0,0,0
0,0,0
0,0,0
0,0,0
0,0,0
0,0,0
0,0,0
0,0,0
0,0,0
0,0,0
0,0,0
0,0,0
0,0,0
0,0,0
0,0,0
0,0,0
0,0,0
0,0,0
0,0,0
0,0,0
0,0,0
0,0,0
0,0,0
0,0,0
0,0,0
0,0,0
0,0,0
0,0,0
0,0,0
0,0,0
0,0,0
0,0,0
0,0,0
0,0,0
0,0,0
0,0,0
0,0,0
0,0,0
0,0,0
0,0,0
0,0,0
0,0,0
0,0,0
0,0,0
0,0,0
0,0,0
0,0,0
0,0,0
0,0,0
0,0,0
0,0,0
0,0,0
0,0,0
0,0,0
0,0,0
0,0,0
0,0,0
0,0,0
0,0,0
0,0,0
0,0,0
0,0,0
0,0,0
0,0,0
0,0,0
0,0,0
0,0,0
0,0,0
0,0,0
0,0,0
0,0,0
0,0,0
0,0,0
0,0,0
0,0,0
0,0,0
0,0,0
0,0,0
0,0,0
0,0,0
0,0,0
0,0,0
0,0,0
0,0,0
0,0,0
0,0,0
0,0,0
0,0,0
0,0,0
0,0,0
0,0,0
0,0,0
0,0,0
0,0,0
0,0,0
0,0,0
0,0,0
0,0,0
0,0,0
0,0,0
0,0,0
0,0,0
0,0,0
0,0,0
0,0,0
0,0,0
0,0,0
0,0,0
0,0,0
0,0,0
0,0,0
0,0,0
0,0,0
0,0,0
0,0,0
0,0,0
0,0,0
0,0,0
0,0,0
0,0,0
0,0,0
0,0,0
0,0,0
0,0,0
0,0,0
0,0,0
0,0,0
0,0,0
0,0,0
0,0,0
0,0,0
0,0,0
0,0,0
0,0,0
0,0,0
0,0,0
0,0,0
0,0,0
0,0,0
0,0,0
0,0,0
0,0,0
0,0,0
0,0,0
0,0,0
0,0,0
0,0,0
0,0,0
0,0,0
0,0,0
0,0,0
0,0,0
0,0,0
0,0,0
0,0,0
0,0,0
0,0,0
0,0,0
0,0,0
0,0,0
0,0,0
0,0,0
0,0,0
0,0,0
0,0,0
0,0,0
0,0,0
0,0,0
0,0,0
0,0,0
0,0,0
0,0,0
0,0,0
0,0,0
0,0,0
0,0,0
0,0,0
0,0,0
0,0,0
0,0,0
0,0,0
0,0,0
0,0,0
0,0,0
0,0,0
0,0,0
0,0,0
0,0,0
0,0,0
0,0,0
0,0,0
0,0,0
0,0,0
0,0,0
0,0,0
0,0,0
0,0,0
0,0,0
0,0,0
0,0,0
0,0,0
0,0,0
0,0,0
0,0,0
0,0,0
0,0,0
0,0,0
0,0,0
0,0,0
0,0,0
0,0,0
0,0,0
0,0,0
0,0,0
0,0,0
0,0,0
0,0,0
0,0,0
0,0,0
0,0,0
0,0,0
0,0,0
0,0,0
0,0,0
0,0,0
0,0,0
0,0,0
0,0,0
0,0,0
0,0,0
0,0,0
0,0,0
0,0,0
0,0,0
0,0,0
0,0,0
0,0,0
0,0,0
0,0,0
0,0,0
0,0,0
0,0,0
0,0,0
0,0,0
0,0,0
0,0,0
0,0,0
0,0,0
0,0,0
0,0,0
0,0,0
0,0,0
0,0,0
0,0,0
0,0,0
0,0,0
0,0,0
0,0,0
0,0,0
0,0,0
0,0,0
0,0,0
0,0,0
0,0,0
0,0,0
0,0,0
0,0,0
0,0,0
0,0,0
0,0,0
0,0,0
0,0,0
0,0,0
0,0,0
0,0,0
0,0,0
0,0,0
0,0,0
0,0,0
0,0,0
0,0,0
0,0,0
0,0,0
0,0,0
0,0,0
0,0,0
0,0,0
0,0,0
0,0,0
0,0,0
0,0,0
0,0,0
0,0,0
0,0,0
0,0,0
0,0,0
0,0,0
0,0,0
0,0,0
0,0,0
0,0,0
0,0,0
0,0,0
0,0,0
0,0,0
0,0,0
0,0,0
0,0,0
0,0,0
0,0,0
0,0,0
0,0,0
0,0,0
0,0,0
0,0,0
0,0,0
0,0,0
0,0,0
0,0,0
0,0,0
0,0,0
0,0,0
0,0,0
0,0,0
0,0,0
0,0,0
0,0,0
0,0,0
0,0,0
0,0,0
0,0,0
0,0,0
0,0,0
0,0,0
0,0,0
0,0,0
0,0,0
0,0,0
0,0,0
0,0,0
0,0,0
0,0,0
0,0,0
0,0,0
0,0,0
0,0,0
0,0,0
0,0,0
0,0,0
0,0,0
0,0,0
0,0,0
0,0,0
0,0,0
0,0,0
0,0,0
0,0,0
0,0,0
0,0,0
0,0,0
0,0,0
0,0,0
0,0,0
0,0,0
0,0,0
0,0,0
0,0,0
0,0,0
0,0,0
0,0,0
0,0,0
0,0,0
0,0,0
0,0,0
0,0,0
0,0,0
0,0,0
0,0,0
0,0,0
0,0,0
0,0,0
0,0,0
0,0,0
0,0,0
0,0,0
0,0,0
0,0,0
0,0,0
0,0,0
0,0,0
0,0,0
0,0,0
0,0,0
0,0,0
0,0,0
0,0,0
0,0,0
0,0,0
0,0,0
0,0,0
0,0,0
0,0,0
0,0,0
0,0,0
0,0,0
0,0,0
0,0,0
0,0,0
0,0,0
0,0,0
0,0,0
0,0,0
0,0,0
0,0,0
0,0,0
0,0,0
0,0,0
0,0,0
0,0,0
0,0,0
0,0,0
0,0,0
0,0,0
0,0,0
0,0,0
0,0,0
0,0,0
0,0,0
0,0,0
0,0,0
0,0,0
0,0,0
0,0,0
0,0,0
0,0,0
0,0,0
0,0,0
0,0,0
0,0,0
0,0,0
0,0,0
0,0,0
0,0,0
0,0,0
0,0,0
0,0,0
0,0,0
0,0,0
0,0,0
0,0,0
0,0,0
0,0,0
0,0,0
0,0,0
0,0,0
0,0,0
0,0,0
0,0,0
0,0,0
0,0,0
0,0,0
0,0,0
0,0,0
0,0,0
0,0,0
0,0,0
0,0,0
0,0,0
0,0,0
0,0,0
0,0,0
0,0,0
0,0,0
0,0,0
0,0,0
0,0,0
0,0,0
0,0,0
0,0,0
0,0,0
0,0,0
0,0,0
0,0,0
0,0,0
0,0,0
0,0,0
0,0,0
0,0,0
0,0,0
0,0,0
0,0,0
0,0,0
0,0,0
0,0,0
0,0,0
0,0,0
0,0,0
0,0,0
0,0,0
0,0,0
0,0,0
0,0,0
0,0,0
0,0,0
0,0,0
0,0,0
0,0,0
0,0,0
0,0,0
0,0,0
0,0,0
0,0,0
0,0,0
0,0,0
0,0,0
0,0,0
0,0,0
0,0,0
0,0,0
0,0,0
0,0,0
0,0,0
0,0,0
0,0,0
0,0,0
0,0,0
0,0,0
0,0,0
0,0,0
0,0,0
0,0,0
0,0,0
0,0,0
0,0,0
0,0,0
0,0,0
0,0,0
0,0,0
0,0,0
0,0,0
0,0,0
0,0,0
0,0,0
0,0,0
0,0,0
0,0,0
0,0,0
0,0,0
0,0,0
0,0,0
0,0,0
0,0,0
0,0,0
0,0,0
0,0,0
0,0,0
0,0,0
0,0,0
0,0,0
0,0,0
0,0,0
0,0,0
0,0,0
0,0,0
0,0,0
0,0,0
0,0,0
0,0,0
0,0,0
0,0,0
0,0,0
0,0,0
0,0,0
0,0,0
0,0,0
0,0,0
0,0,0
0,0,0
0,0,0
0,0,0
0,0,0
0,0,0
0,0,0
0,0,0
0,0,0
0,0,0
0,0,0
0,0,0
0,0,0
0,0,0
0,0,0
0,0,0
0,0,0
0,0,0
0,0,0
0,0,0
0,0,0
0,0,0
0,0,0
0,0,0
0,0,0
0,0,0
0,0,0
0,0,0
0,0,0
0,0,0
0,0,0
0,0,0
0,0,0
0,0,0
0,0,0
0,0,0
0,0,0
0,0,0
0,0,0
0,0,0
0,0,0
0,0,0
0,0,0
0,0,0
0,0,0
0,0,0
0,0,0
0,0,0
0,0,0
0,0,0
0,0,0
0,0,0
0,0,0
0,0,0
0,0,0
0,0,0
0,0,0
0,0,0
0,0,0
0,0,0
0,0,0
0,0,0
0,0,0
0,0,0
0,0,0
0,0,0
0,0,0
0,0,0
0,0,0
0,0,0
0,0,0
0,0,0
0,0,0
0,0,0
0,0,0
0,0,0
0,0,0
0,0,0
0,0,0
0,0,0
0,0,0
0,0,0
0,0,0
0,0,0
0,0,0
0,0,0
0,0,0
0,0,0
0,0,0
0,0,0
0,0,0
0,0,0
0,0,0
0,0,0
0,0,0
0,0,0
0,0,0
0,0,0
0,0,0
0,0,0
0,0,0
0,0,0
0,0,0
0,0,0
0,0,0
0,0,0
0,0,0
0,0,0
0,0,0
0,0,0
0,0,0
0,0,0
0,0,0
0,0,0
0,0,0
0,0,0
0,0,0
0,0,0
0,0,0
0,0,0
0,0,0
0,0,0
0,0,0
0,0,0
0,0,0
0,0,0
0,0,0
0,0,0
0,0,0
0,0,0
0,0,0
0,0,0
0,0,0
0,0,0
0,0,0
0,0,0
0,0,0
0,0,0
0,0,0
0,0,0
0,0,0
0,0,0
0,0,0
0,0,0
0,0,0
0,0,0
0,0,0
0,0,0
0,0,0
0,0,0
0,0,0
0,0,0
0,0,0
0,0,0
0,0,0
0,0,0
0,0,0
0,0,0
0,0,0
0,0,0
0,0,0
0,0,0
0,0,0
0,0,0
0,0,0
0,0,0
0,0,0
0,0,0
0,0,0
0,0,0
0,0,0
0,0,0
0,0,0
0,0,0
0,0,0
0,0,0
0,0,0
0,0,0
0,0,0
0,0,0
0,0,0
0,0,0
0,0,0
0,0,0
0,0,0
0,0,0
0,0,0
0,0,0
0,0,0
0,0,0
0,0,0
0,0,0
0,0,0
0,0,0
0,0,0
0,0,0
0,0,0
0,0,0
0,0,0
0,0,0
0,0,0
0,0,0
0,0,0
0,0,0
0,0,0
0,0,0
0,0,0
0,0,0
0,0,0
0,0,0
0,0,0
0,0,0
0,0,0
0,0,0
0,0,0
0,0,0
0,0,0
0,0,0
0,0,0
0,0,0
0,0,0
0,0,0
0,0,0
0,0,0
0,0,0
0,0,0
0,0,0
0,0,0
0,0,0
0,0,0
0,0,0
0,0,0
0,0,0
0,0,0
0,0,0
0,0,0
0,0,0
0,0,0
0,0,0
0,0,0
0,0,0
0,0,0
0,0,0
0,0,0
0,0,0
0,0,0
0,0,0
0,0,0
0,0,0
0,0,0
0,0,0
0,0,0
0,0,0
0,0,0
0,0,0
0,0,0
0,0,0
0,0,0
0,0,0
0,0,0
0,0,0
0,0,0
0,0,0
0,0,0
0,0,0
0,0,0
0,0,0
0,0,0
0,0,0
0,0,0
0,0,0
0,0,0
0,0,0
0,0,0
0,0,0
0,0,0
0,0,0
0,0,0
0,0,0
0,0,0
0,0,0
0,0,0
0,0,0
0,0,0
0,0,0
0,0,0
0,0,0
0,0,0
0,0,0
0,0,0
0,0,0
0,0,0
0,0,0
0,0,0
0,0,0
0,0,0
0,0,0
0,0,0
0,0,0
0,0,0
0,0,0
0,0,0
0,0,0
0,0,0
0,0,0
0,0,0
0,0,0
0,0,0
0,0,0
0,0,0
0,0,0
0,0,0
0,0,0
0,0,0
0,0,0
0,0,0
0,0,0
0,0,0
0,0,0
0,0,0
0,0,0
0,0,0
0,0,0
0,0,0
0,0,0
0,0,0
0,0,0
0,0,0
0,0,0
0,0,0
0,0,0
0,0,0
0,0,0
0,0,0
0,0,0
0,0,0
0,0,0
0,0,0
0,0,0
0,0,0
0,0,0
0,0,0
0,0,0
0,0,0
0,0,0
0,0,0
0,0,0
0,0,0
0,0,0
0,0,0
0,0,0
0,0,0
0,0,0
0,0,0
0,0,0
0,0,0
0,0,0
0,0,0
0,0,0
0,0,0
0,0,0
0,0,0
0,0,0
0,0,0
0,0,0
0,0,0
0,0,0
0,0,0
0,0,0
0,0,0
0,0,0
0,0,0
0,0,0
0,0,0
0,0,0
0,0,0
0,0,0
0,0,0
0,0,0
0,0,0
0,0,0
0,0,0
0,0,0
0,0,0
0,0,0
0,0,0
0,0,0
0,0,0
0,0,0
0,0,0
0,0,0
0,0,0
0,0,0
0,0,0
0,0,0
0,0,0
0,0,0
0,0,0
0,0,0
0,0,0
0,0,0
0,0,0
0,0,0
0,0,0
0,0,0
0,0,0
0,0,0
0,0,0
0,0,0
0,0,0
0,0,0
0,0,0
0,0,0
0,0,0
0,0,0
0,0,0
0,0,0
0,0,0
0,0,0
0,0,0
0,0,0
0,0,0
0,0,0
0,0,0
0,0,0
0,0,0
0,0,0
0,0,0
0,0,0
0,0,0
0,0,0
0,0,0
0,0,0
0,0,0
0,0,0
0,0,0
0,0,0
0,0,0
0,0,0
0,0,0
0,0,0
0,0,0
0,0,0
0,0,0
0,0,0
0,0,0
0,0,0
0,0,0
0,0,0
0,0,0
0,0,0
0,0,0
0,0,0
0,0,0
0,0,0
0,0,0
0,0,0
0,0,0
0,0,0
0,0,0
0,0,0
0,0,0
0,0,0
0,0,0
0,0,0
0,0,0
0,0,0
0,0,0
0,0,0
0,0,0
0,0,0
0,0,0
0,0,0
0,0,0
0,0,0
0,0,0
0,0,0
0,0,0
0,0,0
0,0,0
0,0,0
0,0,0
0,0,0
0,0,0
0,0,0
0,0,0
0,0,0
0,0,0
0,0,0
0,0,0
0,0,0
0,0,0
0,0,0
0,0,0
0,0,0
0,0,0
0,0,0
0,0,0
0,0,0
0,0,0
0,0,0
0,0,0
0,0,0
0,0,0
0,0,0
0,0,0
0,0,0
0,0,0
0,0,0
0,0,0
0,0,0
0,0,0
0,0,0
0,0,0
0,0,0
0,0,0
0,0,0
0,0,0
0,0,0
0,0,0
0,0,0
0,0,0
0,0,0
0,0,0
0,0,0
0,0,0
0,0,0
0,0,0
0,0,0
0,0,0
0,0,0
0,0,0
0,0,0
0,0,0
0,0,0
0,0,0
0,0,0
0,0,0
0,0,0
0,0,0
0,0,0
0,0,0
0,0,0
0,0,0
0,0,0
0,0,0
0,0,0
0,0,0
0,0,0
0,0,0
0,0,0
0,0,0
0,0,0
0,0,0
0,0,0
0,0,0
0,0,0
0,0,0
0,0,0
0,0,0
0,0,0
0,0,0
0,0,0
0,0,0
0,0,0
0,0,0
0,0,0
0,0,0
0,0,0
0,0,0
0,0,0
0,0,0
0,0,0
0,0,0
0,0,0
0,0,0
0,0,0
0,0,0
0,0,0
0,0,0
0,0,0
0,0,0
0,0,0
0,0,0
0,0,0
0,0,0
0,0,0
0,0,0
0,0,0
0,0,0
0,0,0
0,0,0
0,0,0
0,0,0
0,0,0
0,0,0
0,0,0
0,0,0
0,0,0
0,0,0
0,0,0
0,0,0
0,0,0
0,0,0
0,0,0
0,0,0
0,0,0
0,0,0
0,0,0
0,0,0
0,0,0
0,0,0
0,0,0
0,0,0
0,0,0
0,0,0
0,0,0
0,0,0
0,0,0
0,0,0
0,0,0
0,0,0
0,0,0
0,0,0
0,0,0
0,0,0
0,0,0
0,0,0
0,0,0
0,0,0
0,0,0
0,0,0
0,0,0
0,0,0
0,0,0
0,0,0
0,0,0
0,0,0
0,0,0
0,0,0
0,0,0
0,0,0
0,0,0
0,0,0
0,0,0
0,0,0
0,0,0
0,0,0
0,0,0
0,0,0
0,0,0
0,0,0
0,0,0
0,0,0
0,0,0
0,0,0
0,0,0
0,0,0
0,0,0
0,0,0
0,0,0
0,0,0
0,0,0
0,0,0
0,0,0
0,0,0
0,0,0
0,0,0
0,0,0
0,0,0
0,0,0
0,0,0
0,0,0
0,0,0
0,0,0
0,0,0
0,0,0
0,0,0
0,0,0
0,0,0
0,0,0
0,0,0
0,0,0
0,0,0
0,0,0
0,0,0
0,0,0
0,0,0
0,0,0
0,0,0
0,0,0
0,0,0
0,0,0
0,0,0
0,0,0
0,0,0
0,0,0
0,0,0
0,0,0
0,0,0
0,0,0
0,0,0
0,0,0
0,0,0
0,0,0
0,0,0
0,0,0
0,0,0
0,0,0
0,0,0
0,0,0
0,0,0
0,0,0
0,0,0
0,0,0
0,0,0
0,0,0
0,0,0
0,0,0
0,0,0
0,0,0
0,0,0
0,0,0
0,0,0
0,0,0
0,0,0
0,0,0
0,0,0
0,0,0
0,0,0
0,0,0
0,0,0
0,0,0
0,0,0
0,0,0
0,0,0
0,0,0
0,0,0
0,0,0
0,0,0
0,0,0
0,0,0
0,0,0
0,0,0
0,0,0
0,0,0
0,0,0
0,0,0
0,0,0
0,0,0
0,0,0
0,0,0
0,0,0
0,0,0
0,0,0
0,0,0
0,0,0
0,0,0
0,0,0
0,0,0
0,0,0
0,0,0
0,0,0
0,0,0
0,0,0
0,0,0
0,0,0
0,0,0
0,0,0
0,0,0
0,0,0
0,0,0
0,0,0
0,0,0
0,0,0
0,0,0
0,0,0
0,0,0
0,0,0
0,0,0
0,0,0
0,0,0
0,0,0
0,0,0
0,0,0
0,0,0
0,0,0
0,0,0
0,0,0
0,0,0
0,0,0
0,0,0
0,0,0
0,0,0
0,0,0
0,0,0
0,0,0
0,0,0
0,0,0
0,0,0
0,0,0
0,0,0
0,0,0
0,0,0
0,0,0
0,0,0
0,0,0
0,0,0
0,0,0
0,0,0
0,0,0
0,0,0
0,0,0
0,0,0
0,0,0
0,0,0
0,0,0
0,0,0
0,0,0
0,0,0
0,0,0
0,0,0
0,0,0
0,0,0
0,0,0
0,0,0
0,0,0
0,0,0
0,0,0
0,0,0
0,0,0
0,0,0
0,0,0
0,0,0
0,0,0
0,0,0
0,0,0
0,0,0
0,0,0
0,0,0
0,0,0
0,0,0
0,0,0
0,0,0
0,0,0
0,0,0
0,0,0
0,0,0
0,0,0
0,0,0
0,0,0
0,0,0
0,0,0
0,0,0
